series,reference_period,release_date,dow,release_time_et,date_basis,scheduled_date,flag,source_url,schedule_source,in_bls_archive_index
CPI,1994-01,1994-02-17,Thu,8:30 AM,document_verified_embargo,,,https://www.bls.gov/news.release/history/cpi_021794.txt,,yes
CPI,1994-02,1994-03-16,Wed,8:30 AM,document_verified_embargo,,,https://www.bls.gov/news.release/history/cpi_031694.txt,,yes
CPI,1994-03,1994-04-13,Wed,8:30 AM,document_verified_embargo,,,https://www.bls.gov/news.release/history/cpi_041394.txt,,yes
CPI,1994-04,1994-05-13,Fri,8:30 AM,document_verified_embargo,,,https://www.bls.gov/news.release/history/cpi_051394.txt,,yes
CPI,1994-05,1994-06-14,Tue,8:30 AM,document_verified_embargo,,,https://www.bls.gov/news.release/history/cpi_061494.txt,,yes
CPI,1994-06,1994-07-13,Wed,8:30 AM,document_verified_embargo,,,https://www.bls.gov/news.release/history/cpi_071394.txt,,yes
CPI,1994-07,1994-08-12,Fri,8:30 AM,document_verified_embargo,,,https://www.bls.gov/news.release/history/cpi_081294.txt,,yes
CPI,1994-08,1994-09-13,Tue,8:30 AM,document_verified_embargo,,,https://www.bls.gov/news.release/history/cpi_091394.txt,,yes
CPI,1994-09,1994-10-14,Fri,8:30 AM,document_verified_embargo,,,https://www.bls.gov/news.release/history/cpi_101494.txt,,yes
CPI,1994-10,1994-11-16,Wed,8:30 AM,document_verified_embargo,,,https://www.bls.gov/news.release/history/cpi_111694.txt,,yes
CPI,1994-11,1994-12-14,Wed,8:30 AM,document_verified_embargo,,,https://www.bls.gov/news.release/history/cpi_121494.txt,,yes
CPI,1994-12,1995-01-11,Wed,8:30 AM,document_verified_embargo,,,https://www.bls.gov/news.release/history/cpi_011195.txt,,yes
CPI,1995-01,1995-02-15,Wed,8:30 AM,document_verified_embargo,,,https://www.bls.gov/news.release/history/cpi_021595.txt,,yes
CPI,1995-02,1995-03-16,Thu,8:30 AM,document_verified_embargo,,,https://www.bls.gov/news.release/history/cpi_031695.txt,,yes
CPI,1995-03,1995-04-12,Wed,8:30 AM,document_verified_embargo,,,https://www.bls.gov/news.release/history/cpi_041295.txt,,yes
CPI,1995-04,1995-05-12,Fri,8:30 AM,document_verified_embargo,,,https://www.bls.gov/news.release/history/cpi_051295.txt,,yes
CPI,1995-05,1995-06-13,Tue,8:30 AM,document_verified_embargo,,,https://www.bls.gov/news.release/history/cpi_061395.txt,,yes
CPI,1995-06,1995-07-14,Fri,8:30 AM,document_verified_embargo,,,https://www.bls.gov/news.release/history/cpi_071495.txt,,yes
CPI,1995-07,1995-08-11,Fri,8:30 AM,document_verified_embargo,,,https://www.bls.gov/news.release/history/cpi_081195.txt,,yes
CPI,1995-08,1995-09-13,Wed,8:30 AM,document_verified_embargo,,,https://www.bls.gov/news.release/history/cpi_091395.txt,,yes
CPI,1995-09,1995-10-13,Fri,8:30 AM,document_verified_embargo,,,https://www.bls.gov/news.release/history/cpi_101395.txt,,yes
CPI,1995-10,1995-11-15,Wed,8:30 AM,document_verified_embargo,,,https://www.bls.gov/news.release/history/cpi_111595.txt,,yes
CPI,1995-11,1995-12-14,Thu,8:30 AM,document_verified_embargo,,,https://www.bls.gov/news.release/history/cpi_121495.txt,,yes
CPI,1995-12,1996-02-01,Thu,8:30 AM,document_verified_embargo,,,https://www.bls.gov/news.release/history/cpi_020196.txt,,yes
CPI,1996-01,1996-02-28,Wed,8:30 AM,document_verified_embargo,,,https://www.bls.gov/news.release/history/cpi_022896.txt,,yes
CPI,1996-02,1996-03-15,Fri,8:30 AM,document_verified_embargo,,,https://www.bls.gov/news.release/history/cpi_031596.txt,,yes
CPI,1996-03,1996-04-12,Fri,8:30 AM,document_verified_embargo,,,https://www.bls.gov/news.release/history/cpi_041296.txt,,yes
CPI,1996-04,1996-05-14,Tue,8:30 AM,document_verified_embargo,,,https://www.bls.gov/news.release/history/cpi_051496.txt,,yes
CPI,1996-05,1996-06-12,Wed,8:30 AM,document_verified_embargo,,,https://www.bls.gov/news.release/history/cpi_061296.txt,,yes
CPI,1996-06,1996-07-16,Tue,8:30 AM,document_verified_embargo,,,https://www.bls.gov/news.release/history/cpi_071696.txt,,yes
CPI,1996-07,1996-08-13,Tue,8:30 AM,document_verified_embargo,,,https://www.bls.gov/news.release/history/cpi_081396.txt,,yes
CPI,1996-08,1996-09-13,Fri,8:30 AM,document_verified_embargo,,,https://www.bls.gov/news.release/history/cpi_091396.txt,,yes
CPI,1996-09,1996-10-16,Wed,8:30 AM,document_verified_embargo,,,https://www.bls.gov/news.release/history/cpi_101696.txt,,yes
CPI,1996-10,1996-11-14,Thu,8:30 AM,document_verified_embargo,,,https://www.bls.gov/news.release/history/cpi_111496.txt,,yes
CPI,1996-11,1996-12-12,Thu,8:30 AM,document_verified_embargo,,,https://www.bls.gov/news.release/history/cpi_121296.txt,,yes
CPI,1996-12,1997-01-14,Tue,8:30 AM,slug+schedule_agree,1997-01-14,,https://www.bls.gov/news.release/history/cpi_011497.txt,https://www.bls.gov/schedule/1997/home.htm,yes
CPI,1997-01,1997-02-19,Wed,8:30 AM,slug+schedule_agree,1997-02-19,,https://www.bls.gov/news.release/history/cpi_021997.txt,https://www.bls.gov/schedule/1997/home.htm,yes
CPI,1997-02,1997-03-19,Wed,8:30 AM,slug+schedule_agree,1997-03-19,,https://www.bls.gov/news.release/history/cpi_031997.txt,https://www.bls.gov/schedule/1997/home.htm,yes
CPI,1997-03,1997-04-15,Tue,8:30 AM,slug+schedule_agree,1997-04-15,,https://www.bls.gov/news.release/history/cpi_041597.txt,https://www.bls.gov/schedule/1997/home.htm,yes
CPI,1997-04,1997-05-15,Thu,8:30 AM,slug+schedule_agree,1997-05-15,,https://www.bls.gov/news.release/history/cpi_051597.txt,https://www.bls.gov/schedule/1997/home.htm,yes
CPI,1997-05,1997-06-17,Tue,8:30 AM,slug+schedule_agree,1997-06-17,,https://www.bls.gov/news.release/history/cpi_061797.txt,https://www.bls.gov/schedule/1997/home.htm,yes
CPI,1997-06,1997-07-16,Wed,8:30 AM,slug+schedule_agree,1997-07-16,,https://www.bls.gov/news.release/history/cpi_071697.txt,https://www.bls.gov/schedule/1997/home.htm,yes
CPI,1997-07,1997-08-14,Thu,8:30 AM,slug+schedule_agree,1997-08-14,,https://www.bls.gov/news.release/history/cpi_081497.txt,https://www.bls.gov/schedule/1997/home.htm,yes
CPI,1997-08,1997-09-16,Tue,8:30 AM,slug+schedule_agree,1997-09-16,,https://www.bls.gov/news.release/history/cpi_091697.txt,https://www.bls.gov/schedule/1997/home.htm,yes
CPI,1997-09,1997-10-16,Thu,8:30 AM,slug+schedule_agree,1997-10-16,,https://www.bls.gov/news.release/history/cpi_101697.txt,https://www.bls.gov/schedule/1997/home.htm,yes
CPI,1997-10,1997-11-18,Tue,8:30 AM,slug+schedule_agree,1997-11-18,,https://www.bls.gov/news.release/history/cpi_111897.txt,https://www.bls.gov/schedule/1997/home.htm,yes
CPI,1997-11,1997-12-16,Tue,8:30 AM,slug+schedule_agree,1997-12-16,,https://www.bls.gov/news.release/history/cpi_121697.txt,https://www.bls.gov/schedule/1997/home.htm,yes
CPI,1997-12,1998-01-13,Tue,8:30 AM,slug+schedule_agree,1998-01-13,,https://www.bls.gov/news.release/history/cpi_011398.txt,https://www.bls.gov/schedule/1998/home.htm,yes
CPI,1998-01,1998-02-24,Tue,8:30 AM,document_verified,1998-02-24,,https://www.bls.gov/news.release/history/cpi_022598.txt,https://www.bls.gov/schedule/1998/home.htm,no
CPI,1998-02,1998-03-19,Thu,8:30 AM,slug+schedule_agree,1998-03-19,,https://www.bls.gov/news.release/history/cpi_031998.txt,https://www.bls.gov/schedule/1998/home.htm,yes
CPI,1998-03,1998-04-14,Tue,8:30 AM,slug+schedule_agree,1998-04-14,,https://www.bls.gov/news.release/history/cpi_041498.txt,https://www.bls.gov/schedule/1998/home.htm,yes
CPI,1998-04,1998-05-14,Thu,8:30 AM,slug+schedule_agree,1998-05-14,,https://www.bls.gov/news.release/history/cpi_051498.txt,https://www.bls.gov/schedule/1998/home.htm,yes
CPI,1998-05,1998-06-16,Tue,8:30 AM,slug+schedule_agree,1998-06-16,,https://www.bls.gov/news.release/history/cpi_061698.txt,https://www.bls.gov/schedule/1998/home.htm,yes
CPI,1998-06,1998-07-14,Tue,8:30 AM,slug+schedule_agree,1998-07-14,,https://www.bls.gov/news.release/history/cpi_071498.txt,https://www.bls.gov/schedule/1998/home.htm,yes
CPI,1998-07,1998-08-18,Tue,8:30 AM,slug+schedule_agree,1998-08-18,,https://www.bls.gov/news.release/history/cpi_081898.txt,https://www.bls.gov/schedule/1998/home.htm,yes
CPI,1998-08,1998-09-17,Thu,8:30 AM,slug+schedule_agree,1998-09-17,,https://www.bls.gov/news.release/history/cpi_091798.txt,https://www.bls.gov/schedule/1998/home.htm,yes
CPI,1998-09,1998-10-16,Fri,8:30 AM,slug+schedule_agree,1998-10-16,,https://www.bls.gov/news.release/history/cpi_101698.txt,https://www.bls.gov/schedule/1998/home.htm,yes
CPI,1998-10,1998-11-17,Tue,8:30 AM,slug+schedule_agree,1998-11-17,,https://www.bls.gov/news.release/history/cpi_111798.txt,https://www.bls.gov/schedule/1998/home.htm,yes
CPI,1998-11,1998-12-15,Tue,8:30 AM,slug+schedule_agree,1998-12-15,,https://www.bls.gov/news.release/history/cpi_121598.txt,https://www.bls.gov/schedule/1998/home.htm,yes
CPI,1998-12,1999-01-14,Thu,8:30 AM,slug+schedule_agree,1999-01-14,,https://www.bls.gov/news.release/history/cpi_011499.txt,https://www.bls.gov/schedule/1999/home.htm,yes
CPI,1999-01,1999-02-19,Fri,8:30 AM,slug+schedule_agree,1999-02-19,,https://www.bls.gov/news.release/history/cpi_021999.txt,https://www.bls.gov/schedule/1999/home.htm,yes
CPI,1999-02,1999-03-18,Thu,8:30 AM,slug+schedule_agree,1999-03-18,,https://www.bls.gov/news.release/history/cpi_031899.txt,https://www.bls.gov/schedule/1999/home.htm,yes
CPI,1999-03,1999-04-13,Tue,8:30 AM,slug+schedule_agree,1999-04-13,,https://www.bls.gov/news.release/history/cpi_041399.txt,https://www.bls.gov/schedule/1999/home.htm,yes
CPI,1999-04,1999-05-14,Fri,8:30 AM,slug+schedule_agree,1999-05-14,,https://www.bls.gov/news.release/history/cpi_051499.txt,https://www.bls.gov/schedule/1999/home.htm,yes
CPI,1999-05,1999-06-16,Wed,8:30 AM,slug+schedule_agree,1999-06-16,,https://www.bls.gov/news.release/history/cpi_06161999.txt,https://www.bls.gov/schedule/1999/home.htm,yes
CPI,1999-06,1999-07-15,Thu,8:30 AM,slug+schedule_agree,1999-07-15,,https://www.bls.gov/news.release/history/cpi_07151999.txt,https://www.bls.gov/schedule/1999/home.htm,yes
CPI,1999-07,1999-08-17,Tue,8:30 AM,slug+schedule_agree,1999-08-17,,https://www.bls.gov/news.release/history/cpi_08171999.txt,https://www.bls.gov/schedule/1999/home.htm,yes
CPI,1999-08,1999-09-15,Wed,8:30 AM,slug+schedule_agree,1999-09-15,,https://www.bls.gov/news.release/history/cpi_09151999.txt,https://www.bls.gov/schedule/1999/home.htm,yes
CPI,1999-09,1999-10-19,Tue,8:30 AM,slug+schedule_agree,1999-10-19,,https://www.bls.gov/news.release/history/cpi_10191999.txt,https://www.bls.gov/schedule/1999/home.htm,yes
CPI,1999-10,1999-11-17,Wed,8:30 AM,slug+schedule_agree,1999-11-17,,https://www.bls.gov/news.release/history/cpi_11171999.txt,https://www.bls.gov/schedule/1999/home.htm,yes
CPI,1999-11,1999-12-14,Tue,8:30 AM,slug+schedule_agree,1999-12-14,,https://www.bls.gov/news.release/history/cpi_12141999.txt,https://www.bls.gov/schedule/1999/home.htm,yes
CPI,1999-12,2000-01-14,Fri,8:30 AM,slug+schedule_agree,2000-01-14,,https://www.bls.gov/news.release/history/cpi_01142000.txt,https://www.bls.gov/schedule/2000/home.htm,yes
CPI,2000-01,2000-02-18,Fri,8:30 AM,slug+schedule_agree,2000-02-18,,https://www.bls.gov/news.release/history/cpi_02182000.txt,https://www.bls.gov/schedule/2000/home.htm,yes
CPI,2000-02,2000-03-17,Fri,8:30 AM,slug+schedule_agree,2000-03-17,,https://www.bls.gov/news.release/history/cpi_03172000.txt,https://www.bls.gov/schedule/2000/home.htm,yes
CPI,2000-03,2000-04-14,Fri,8:30 AM,slug+schedule_agree,2000-04-14,,https://www.bls.gov/news.release/history/cpi_04142000.txt,https://www.bls.gov/schedule/2000/home.htm,yes
CPI,2000-04,2000-05-16,Tue,8:30 AM,slug+schedule_agree,2000-05-16,,https://www.bls.gov/news.release/history/cpi_05162000.txt,https://www.bls.gov/schedule/2000/home.htm,yes
CPI,2000-05,2000-06-14,Wed,8:30 AM,slug+schedule_agree,2000-06-14,,https://www.bls.gov/news.release/history/cpi_06142000.txt,https://www.bls.gov/schedule/2000/home.htm,yes
CPI,2000-06,2000-07-18,Tue,8:30 AM,slug+schedule_agree,2000-07-18,,https://www.bls.gov/news.release/history/cpi_07182000.txt,https://www.bls.gov/schedule/2000/home.htm,yes
CPI,2000-07,2000-08-16,Wed,8:30 AM,slug+schedule_agree,2000-08-16,,https://www.bls.gov/news.release/history/cpi_08162000.txt,https://www.bls.gov/schedule/2000/home.htm,yes
CPI,2000-08,2000-09-15,Fri,8:30 AM,slug+schedule_agree,2000-09-15,,https://www.bls.gov/news.release/history/cpi_09152000.txt,https://www.bls.gov/schedule/2000/home.htm,yes
CPI,2000-09,2000-10-18,Wed,8:30 AM,slug+schedule_agree,2000-10-18,,https://www.bls.gov/news.release/history/cpi_10182000.txt,https://www.bls.gov/schedule/2000/home.htm,yes
CPI,2000-10,2000-11-16,Thu,8:30 AM,slug+schedule_agree,2000-11-16,,https://www.bls.gov/news.release/history/cpi_11162000.txt,https://www.bls.gov/schedule/2000/home.htm,yes
CPI,2000-11,2000-12-15,Fri,8:30 AM,slug+schedule_agree,2000-12-15,,https://www.bls.gov/news.release/history/cpi_12152000.txt,https://www.bls.gov/schedule/2000/home.htm,yes
CPI,2000-12,2001-01-17,Wed,8:30 AM,slug+schedule_agree,2001-01-17,,https://www.bls.gov/news.release/history/cpi_01172001.txt,https://www.bls.gov/schedule/2001/home.htm,yes
CPI,2001-01,2001-02-21,Wed,8:30 AM,slug+schedule_agree,2001-02-21,,https://www.bls.gov/news.release/history/cpi_02212001.txt,https://www.bls.gov/schedule/2001/home.htm,yes
CPI,2001-02,2001-03-21,Wed,8:30 AM,slug+schedule_agree,2001-03-21,,https://www.bls.gov/news.release/history/cpi_03212001.txt,https://www.bls.gov/schedule/2001/home.htm,yes
CPI,2001-03,2001-04-17,Tue,8:30 AM,slug+schedule_agree,2001-04-17,,https://www.bls.gov/news.release/history/cpi_04172001.txt,https://www.bls.gov/schedule/2001/home.htm,yes
CPI,2001-04,2001-05-16,Wed,8:30 AM,slug+schedule_agree,2001-05-16,,https://www.bls.gov/news.release/history/cpi_05162001.txt,https://www.bls.gov/schedule/2001/home.htm,yes
CPI,2001-05,2001-06-15,Fri,8:30 AM,slug+schedule_agree,2001-06-15,,https://www.bls.gov/news.release/history/cpi_06152001.txt,https://www.bls.gov/schedule/2001/home.htm,yes
CPI,2001-06,2001-07-18,Wed,8:30 AM,slug+schedule_agree,2001-07-18,,https://www.bls.gov/news.release/history/cpi_07182001.txt,https://www.bls.gov/schedule/2001/home.htm,yes
CPI,2001-07,2001-08-16,Thu,8:30 AM,slug+schedule_agree,2001-08-16,,https://www.bls.gov/news.release/history/cpi_08162001.txt,https://www.bls.gov/schedule/2001/home.htm,yes
CPI,2001-08,2001-09-18,Tue,8:30 AM,slug+schedule_agree,2001-09-18,,https://www.bls.gov/news.release/history/cpi_09182001.txt,https://www.bls.gov/schedule/2001/home.htm,yes
CPI,2001-09,2001-10-19,Fri,8:30 AM,slug+schedule_agree,2001-10-19,,https://www.bls.gov/news.release/history/cpi_10192001.txt,https://www.bls.gov/schedule/2001/home.htm,yes
CPI,2001-10,2001-11-16,Fri,8:30 AM,slug+schedule_agree,2001-11-16,,https://www.bls.gov/news.release/history/cpi_11162001.txt,https://www.bls.gov/schedule/2001/home.htm,yes
CPI,2001-11,2001-12-14,Fri,8:30 AM,slug+schedule_agree,2001-12-14,,https://www.bls.gov/news.release/history/cpi_12142001.txt,https://www.bls.gov/schedule/2001/home.htm,yes
CPI,2001-12,2002-01-16,Wed,8:30 AM,slug+schedule_agree,2002-01-16,,https://www.bls.gov/news.release/history/cpi_01162002.txt,https://www.bls.gov/schedule/2002/home.htm,yes
CPI,2002-01,2002-02-20,Wed,8:30 AM,schedule+archive_agree,2002-02-20,,,https://www.bls.gov/schedule/2002/home.htm,yes
CPI,2002-02,2002-03-21,Thu,8:30 AM,schedule+archive_agree,2002-03-21,,,https://www.bls.gov/schedule/2002/home.htm,yes
CPI,2002-03,2002-04-16,Tue,8:30 AM,schedule+archive_agree,2002-04-16,,,https://www.bls.gov/schedule/2002/home.htm,yes
CPI,2002-04,2002-05-15,Wed,8:30 AM,schedule+archive_agree,2002-05-15,,,https://www.bls.gov/schedule/2002/home.htm,yes
CPI,2002-05,2002-06-18,Tue,8:30 AM,slug+schedule_agree,2002-06-18,,https://www.bls.gov/news.release/archives/cpi_06182002.pdf,https://www.bls.gov/schedule/2002/home.htm,yes
CPI,2002-06,2002-07-19,Fri,8:30 AM,slug+schedule_agree,2002-07-19,,https://www.bls.gov/news.release/archives/cpi_07192002.pdf,https://www.bls.gov/schedule/2002/home.htm,yes
CPI,2002-07,2002-08-16,Fri,8:30 AM,slug+schedule_agree,2002-08-16,,https://www.bls.gov/news.release/archives/cpi_08162002.pdf,https://www.bls.gov/schedule/2002/home.htm,yes
CPI,2002-08,2002-09-18,Wed,8:30 AM,slug+schedule_agree,2002-09-18,,https://www.bls.gov/news.release/archives/cpi_09182002.pdf,https://www.bls.gov/schedule/2002/home.htm,yes
CPI,2002-09,2002-10-18,Fri,8:30 AM,slug+schedule_agree,2002-10-18,,https://www.bls.gov/news.release/archives/cpi_10182002.pdf,https://www.bls.gov/schedule/2002/home.htm,yes
CPI,2002-10,2002-11-19,Tue,8:30 AM,slug+schedule_agree,2002-11-19,,https://www.bls.gov/news.release/archives/cpi_11192002.pdf,https://www.bls.gov/schedule/2002/home.htm,yes
CPI,2002-11,2002-12-17,Tue,8:30 AM,slug+schedule_agree,2002-12-17,,https://www.bls.gov/news.release/archives/cpi_12172002.pdf,https://www.bls.gov/schedule/2002/home.htm,yes
CPI,2002-12,2003-01-16,Thu,8:30 AM,slug+schedule_agree,2003-01-16,,https://www.bls.gov/news.release/archives/cpi_01162003.pdf,https://www.bls.gov/schedule/2003/home.htm,yes
CPI,2003-01,2003-02-21,Fri,8:30 AM,slug+schedule_agree,2003-02-21,,https://www.bls.gov/news.release/archives/cpi_02212003.pdf,https://www.bls.gov/schedule/2003/home.htm,yes
CPI,2003-02,2003-03-21,Fri,8:30 AM,slug+schedule_agree,2003-03-21,,https://www.bls.gov/news.release/archives/cpi_03212003.pdf,https://www.bls.gov/schedule/2003/home.htm,yes
CPI,2003-03,2003-04-16,Wed,8:30 AM,slug+schedule_agree,2003-04-16,,https://www.bls.gov/news.release/archives/cpi_04162003.pdf,https://www.bls.gov/schedule/2003/home.htm,yes
CPI,2003-04,2003-05-16,Fri,8:30 AM,slug+schedule_agree,2003-05-16,,https://www.bls.gov/news.release/archives/cpi_05162003.pdf,https://www.bls.gov/schedule/2003/home.htm,yes
CPI,2003-05,2003-06-17,Tue,8:30 AM,slug+schedule_agree,2003-06-17,,https://www.bls.gov/news.release/archives/cpi_06172003.pdf,https://www.bls.gov/schedule/2003/home.htm,yes
CPI,2003-06,2003-07-16,Wed,8:30 AM,slug+schedule_agree,2003-07-16,,https://www.bls.gov/news.release/archives/cpi_07162003.pdf,https://www.bls.gov/schedule/2003/home.htm,yes
CPI,2003-07,2003-08-15,Fri,8:30 AM,slug+schedule_agree,2003-08-15,,https://www.bls.gov/news.release/archives/cpi_08152003.pdf,https://www.bls.gov/schedule/2003/home.htm,yes
CPI,2003-08,2003-09-16,Tue,8:30 AM,slug+schedule_agree,2003-09-16,,https://www.bls.gov/news.release/archives/cpi_09162003.pdf,https://www.bls.gov/schedule/2003/home.htm,yes
CPI,2003-09,2003-10-16,Thu,8:30 AM,slug+schedule_agree,2003-10-16,,https://www.bls.gov/news.release/archives/cpi_10162003.pdf,https://www.bls.gov/schedule/2003/home.htm,yes
CPI,2003-10,2003-11-18,Tue,8:30 AM,slug+schedule_agree,2003-11-18,,https://www.bls.gov/news.release/archives/cpi_11182003.pdf,https://www.bls.gov/schedule/2003/home.htm,yes
CPI,2003-11,2003-12-16,Tue,8:30 AM,slug+schedule_agree,2003-12-16,,https://www.bls.gov/news.release/archives/cpi_12162003.pdf,https://www.bls.gov/schedule/2003/home.htm,yes
CPI,2003-12,2004-01-15,Thu,8:30 AM,slug+schedule_agree,2004-01-15,,https://www.bls.gov/news.release/archives/cpi_01152004.pdf,https://www.bls.gov/schedule/2004/home.htm,yes
CPI,2004-01,2004-02-20,Fri,8:30 AM,slug+schedule_agree,2004-02-20,,https://www.bls.gov/news.release/archives/cpi_02202004.pdf,https://www.bls.gov/schedule/2004/home.htm,yes
CPI,2004-02,2004-03-17,Wed,8:30 AM,slug+schedule_agree,2004-03-17,,https://www.bls.gov/news.release/archives/cpi_03172004.pdf,https://www.bls.gov/schedule/2004/home.htm,yes
CPI,2004-03,2004-04-14,Wed,8:30 AM,slug+schedule_agree,2004-04-14,,https://www.bls.gov/news.release/archives/cpi_04142004.pdf,https://www.bls.gov/schedule/2004/home.htm,yes
CPI,2004-04,2004-05-14,Fri,8:30 AM,slug+schedule_agree,2004-05-14,,https://www.bls.gov/news.release/archives/cpi_05142004.pdf,https://www.bls.gov/schedule/2004/home.htm,yes
CPI,2004-05,2004-06-15,Tue,8:30 AM,slug+schedule_agree,2004-06-15,,https://www.bls.gov/news.release/archives/cpi_06152004.pdf,https://www.bls.gov/schedule/2004/home.htm,yes
CPI,2004-06,2004-07-16,Fri,8:30 AM,slug+schedule_agree,2004-07-16,,https://www.bls.gov/news.release/archives/cpi_07162004.pdf,https://www.bls.gov/schedule/2004/home.htm,yes
CPI,2004-07,2004-08-17,Tue,8:30 AM,slug+schedule_agree,2004-08-17,,https://www.bls.gov/news.release/archives/cpi_08172004.pdf,https://www.bls.gov/schedule/2004/home.htm,yes
CPI,2004-08,2004-09-16,Thu,8:30 AM,slug+schedule_agree,2004-09-16,,https://www.bls.gov/news.release/archives/cpi_09162004.pdf,https://www.bls.gov/schedule/2004/home.htm,yes
CPI,2004-09,2004-10-19,Tue,8:30 AM,slug+schedule_agree,2004-10-19,,https://www.bls.gov/news.release/archives/cpi_10192004.pdf,https://www.bls.gov/schedule/2004/home.htm,yes
CPI,2004-10,2004-11-17,Wed,8:30 AM,slug+schedule_agree,2004-11-17,,https://www.bls.gov/news.release/archives/cpi_11172004.pdf,https://www.bls.gov/schedule/2004/home.htm,yes
CPI,2004-11,2004-12-17,Fri,8:30 AM,slug+schedule_agree,2004-12-17,,https://www.bls.gov/news.release/archives/cpi_12172004.pdf,https://www.bls.gov/schedule/2004/home.htm,yes
CPI,2004-12,2005-01-19,Wed,8:30 AM,slug+schedule_agree,2005-01-19,,https://www.bls.gov/news.release/archives/cpi_01192005.pdf,https://www.bls.gov/schedule/2005/home.htm,yes
CPI,2005-01,2005-02-23,Wed,8:30 AM,slug+schedule_agree,2005-02-23,,https://www.bls.gov/news.release/archives/cpi_02232005.pdf,https://www.bls.gov/schedule/2005/home.htm,yes
CPI,2005-02,2005-03-23,Wed,8:30 AM,slug+schedule_agree,2005-03-23,,https://www.bls.gov/news.release/archives/cpi_03232005.pdf,https://www.bls.gov/schedule/2005/home.htm,yes
CPI,2005-03,2005-04-20,Wed,8:30 AM,slug+schedule_agree,2005-04-20,,https://www.bls.gov/news.release/archives/cpi_04202005.pdf,https://www.bls.gov/schedule/2005/home.htm,yes
CPI,2005-04,2005-05-18,Wed,8:30 AM,slug+schedule_agree,2005-05-18,,https://www.bls.gov/news.release/archives/cpi_05182005.pdf,https://www.bls.gov/schedule/2005/home.htm,yes
CPI,2005-05,2005-06-15,Wed,8:30 AM,slug+schedule_agree,2005-06-15,,https://www.bls.gov/news.release/archives/cpi_06152005.pdf,https://www.bls.gov/schedule/2005/home.htm,yes
CPI,2005-06,2005-07-14,Thu,8:30 AM,slug+schedule_agree,2005-07-14,,https://www.bls.gov/news.release/archives/cpi_07142005.pdf,https://www.bls.gov/schedule/2005/home.htm,yes
CPI,2005-07,2005-08-16,Tue,8:30 AM,slug+schedule_agree,2005-08-16,,https://www.bls.gov/news.release/archives/cpi_08162005.pdf,https://www.bls.gov/schedule/2005/home.htm,yes
CPI,2005-08,2005-09-15,Thu,8:30 AM,slug+schedule_agree,2005-09-15,,https://www.bls.gov/news.release/archives/cpi_09152005.pdf,https://www.bls.gov/schedule/2005/home.htm,yes
CPI,2005-09,2005-10-14,Fri,8:30 AM,slug+schedule_agree,2005-10-14,,https://www.bls.gov/news.release/archives/cpi_10142005.pdf,https://www.bls.gov/schedule/2005/home.htm,yes
CPI,2005-10,2005-11-16,Wed,8:30 AM,slug+schedule_agree,2005-11-16,,https://www.bls.gov/news.release/archives/cpi_11162005.pdf,https://www.bls.gov/schedule/2005/home.htm,yes
CPI,2005-11,2005-12-15,Thu,8:30 AM,slug+schedule_agree,2005-12-15,,https://www.bls.gov/news.release/archives/cpi_12152005.pdf,https://www.bls.gov/schedule/2005/home.htm,yes
CPI,2005-12,2006-01-18,Wed,8:30 AM,slug+schedule_agree,2006-01-18,,https://www.bls.gov/news.release/archives/cpi_01182006.pdf,https://www.bls.gov/schedule/2006/home.htm,yes
CPI,2006-01,2006-02-22,Wed,8:30 AM,slug+schedule_agree,2006-02-22,,https://www.bls.gov/news.release/archives/cpi_02222006.pdf,https://www.bls.gov/schedule/2006/home.htm,yes
CPI,2006-02,2006-03-16,Thu,8:30 AM,slug+schedule_agree,2006-03-16,,https://www.bls.gov/news.release/archives/cpi_03162006.pdf,https://www.bls.gov/schedule/2006/home.htm,yes
CPI,2006-03,2006-04-19,Wed,8:30 AM,slug+schedule_agree,2006-04-19,,https://www.bls.gov/news.release/archives/cpi_04192006.pdf,https://www.bls.gov/schedule/2006/home.htm,yes
CPI,2006-04,2006-05-17,Wed,8:30 AM,slug+schedule_agree,2006-05-17,,https://www.bls.gov/news.release/archives/cpi_05172006.pdf,https://www.bls.gov/schedule/2006/home.htm,yes
CPI,2006-05,2006-06-14,Wed,8:30 AM,slug+schedule_agree,2006-06-14,,https://www.bls.gov/news.release/archives/cpi_06142006.pdf,https://www.bls.gov/schedule/2006/home.htm,yes
CPI,2006-06,2006-07-19,Wed,8:30 AM,slug+schedule_agree,2006-07-19,,https://www.bls.gov/news.release/archives/cpi_07192006.pdf,https://www.bls.gov/schedule/2006/home.htm,yes
CPI,2006-07,2006-08-16,Wed,8:30 AM,slug+schedule_agree,2006-08-16,,https://www.bls.gov/news.release/archives/cpi_08162006.pdf,https://www.bls.gov/schedule/2006/home.htm,yes
CPI,2006-08,2006-09-15,Fri,8:30 AM,slug+schedule_agree,2006-09-15,,https://www.bls.gov/news.release/archives/cpi_09152006.pdf,https://www.bls.gov/schedule/2006/home.htm,yes
CPI,2006-09,2006-10-18,Wed,8:30 AM,slug+schedule_agree,2006-10-18,,https://www.bls.gov/news.release/archives/cpi_10182006.pdf,https://www.bls.gov/schedule/2006/home.htm,yes
CPI,2006-10,2006-11-16,Thu,8:30 AM,slug+schedule_agree,2006-11-16,,https://www.bls.gov/news.release/archives/cpi_11162006.pdf,https://www.bls.gov/schedule/2006/home.htm,yes
CPI,2006-11,2006-12-15,Fri,8:30 AM,slug+schedule_agree,2006-12-15,,https://www.bls.gov/news.release/archives/cpi_12152006.pdf,https://www.bls.gov/schedule/2006/home.htm,yes
CPI,2006-12,2007-01-18,Thu,8:30 AM,slug+schedule_agree,2007-01-18,,https://www.bls.gov/news.release/archives/cpi_01182007.pdf,https://www.bls.gov/schedule/2007/home.htm,yes
CPI,2007-01,2007-02-21,Wed,8:30 AM,slug+schedule_agree,2007-02-21,,https://www.bls.gov/news.release/archives/cpi_02212007.pdf,https://www.bls.gov/schedule/2007/home.htm,yes
CPI,2007-02,2007-03-16,Fri,8:30 AM,slug+schedule_agree,2007-03-16,,https://www.bls.gov/news.release/archives/cpi_03162007.pdf,https://www.bls.gov/schedule/2007/home.htm,yes
CPI,2007-03,2007-04-17,Tue,8:30 AM,slug+schedule_agree,2007-04-17,,https://www.bls.gov/news.release/archives/cpi_04172007.pdf,https://www.bls.gov/schedule/2007/home.htm,yes
CPI,2007-04,2007-05-15,Tue,8:30 AM,slug+schedule_agree,2007-05-15,,https://www.bls.gov/news.release/archives/cpi_05152007.pdf,https://www.bls.gov/schedule/2007/home.htm,yes
CPI,2007-05,2007-06-15,Fri,8:30 AM,slug+schedule_agree,2007-06-15,,https://www.bls.gov/news.release/archives/cpi_06152007.pdf,https://www.bls.gov/schedule/2007/home.htm,yes
CPI,2007-06,2007-07-18,Wed,8:30 AM,slug+schedule_agree,2007-07-18,,https://www.bls.gov/news.release/archives/cpi_07182007.pdf,https://www.bls.gov/schedule/2007/home.htm,yes
CPI,2007-07,2007-08-15,Wed,8:30 AM,slug+schedule_agree,2007-08-15,,https://www.bls.gov/news.release/archives/cpi_08152007.pdf,https://www.bls.gov/schedule/2007/home.htm,yes
CPI,2007-08,2007-09-19,Wed,8:30 AM,slug+schedule_agree,2007-09-19,,https://www.bls.gov/news.release/archives/cpi_09192007.pdf,https://www.bls.gov/schedule/2007/home.htm,yes
CPI,2007-09,2007-10-17,Wed,8:30 AM,slug+schedule_agree,2007-10-17,,https://www.bls.gov/news.release/archives/cpi_10172007.pdf,https://www.bls.gov/schedule/2007/home.htm,yes
CPI,2007-10,2007-11-15,Thu,8:30 AM,slug+schedule_agree,2007-11-15,,https://www.bls.gov/news.release/archives/cpi_11152007.pdf,https://www.bls.gov/schedule/2007/home.htm,yes
CPI,2007-11,2007-12-14,Fri,8:30 AM,slug+schedule_agree,2007-12-14,,https://www.bls.gov/news.release/archives/cpi_12142007.pdf,https://www.bls.gov/schedule/2007/home.htm,yes
CPI,2007-12,2008-01-16,Wed,8:30 AM,slug+schedule_agree,2008-01-16,,https://www.bls.gov/news.release/archives/cpi_01162008.pdf,https://www.bls.gov/schedule/2008/home.htm,yes
CPI,2008-01,2008-02-20,Wed,8:30 AM,slug+schedule_agree,2008-02-20,,https://www.bls.gov/news.release/archives/cpi_02202008.pdf,https://www.bls.gov/schedule/2008/home.htm,yes
CPI,2008-02,2008-03-14,Fri,8:30 AM,slug+schedule_agree,2008-03-14,,https://www.bls.gov/news.release/archives/cpi_03142008.pdf,https://www.bls.gov/schedule/2008/home.htm,yes
CPI,2008-03,2008-04-16,Wed,8:30 AM,slug+schedule_agree,2008-04-16,,https://www.bls.gov/news.release/archives/cpi_04162008.pdf,https://www.bls.gov/schedule/2008/home.htm,yes
CPI,2008-04,2008-05-14,Wed,8:30 AM,slug+schedule_agree,2008-05-14,,https://www.bls.gov/news.release/archives/cpi_05142008.pdf,https://www.bls.gov/schedule/2008/home.htm,yes
CPI,2008-05,2008-06-13,Fri,8:30 AM,slug+schedule_agree,2008-06-13,,https://www.bls.gov/news.release/archives/cpi_06132008.pdf,https://www.bls.gov/schedule/2008/home.htm,yes
CPI,2008-06,2008-07-16,Wed,8:30 AM,slug+schedule_agree,2008-07-16,,https://www.bls.gov/news.release/archives/cpi_07162008.pdf,https://www.bls.gov/schedule/2008/home.htm,yes
CPI,2008-07,2008-08-14,Thu,8:30 AM,slug+schedule_agree,2008-08-14,,https://www.bls.gov/news.release/archives/cpi_08142008.pdf,https://www.bls.gov/schedule/2008/home.htm,yes
CPI,2008-08,2008-09-16,Tue,8:30 AM,slug+schedule_agree,2008-09-16,,https://www.bls.gov/news.release/archives/cpi_09162008.pdf,https://www.bls.gov/schedule/2008/home.htm,yes
CPI,2008-09,2008-10-16,Thu,8:30 AM,slug+schedule_agree,2008-10-16,,https://www.bls.gov/news.release/archives/cpi_10162008.pdf,https://www.bls.gov/schedule/2008/home.htm,yes
CPI,2008-10,2008-11-19,Wed,8:30 AM,slug+schedule_agree,2008-11-19,,https://www.bls.gov/news.release/archives/cpi_11192008.pdf,https://www.bls.gov/schedule/2008/home.htm,yes
CPI,2008-11,2008-12-16,Tue,8:30 AM,slug+schedule_agree,2008-12-16,,https://www.bls.gov/news.release/archives/cpi_12162008.pdf,https://www.bls.gov/schedule/2008/home.htm,yes
CPI,2008-12,2009-01-16,Fri,8:30 AM,slug+schedule_agree,2009-01-16,,https://www.bls.gov/news.release/archives/cpi_01162009.pdf,https://www.bls.gov/schedule/2009/home.htm,yes
CPI,2009-01,2009-02-20,Fri,8:30 AM,slug+schedule_agree,2009-02-20,,https://www.bls.gov/news.release/archives/cpi_02202009.pdf,https://www.bls.gov/schedule/2009/home.htm,yes
CPI,2009-02,2009-03-18,Wed,8:30 AM,slug+schedule_agree,2009-03-18,,https://www.bls.gov/news.release/archives/cpi_03182009.pdf,https://www.bls.gov/schedule/2009/home.htm,yes
CPI,2009-03,2009-04-15,Wed,8:30 AM,slug+schedule_agree,2009-04-15,,https://www.bls.gov/news.release/archives/cpi_04152009.pdf,https://www.bls.gov/schedule/2009/home.htm,yes
CPI,2009-04,2009-05-15,Fri,8:30 AM,slug+schedule_agree,2009-05-15,,https://www.bls.gov/news.release/archives/cpi_05152009.pdf,https://www.bls.gov/schedule/2009/home.htm,yes
CPI,2009-05,2009-06-17,Wed,8:30 AM,slug+schedule_agree,2009-06-17,,https://www.bls.gov/news.release/archives/cpi_06172009.pdf,https://www.bls.gov/schedule/2009/home.htm,yes
CPI,2009-06,2009-07-15,Wed,8:30 AM,slug+schedule_agree,2009-07-15,,https://www.bls.gov/news.release/archives/cpi_07152009.pdf,https://www.bls.gov/schedule/2009/home.htm,yes
CPI,2009-07,2009-08-14,Fri,8:30 AM,slug+schedule_agree,2009-08-14,,https://www.bls.gov/news.release/archives/cpi_08142009.pdf,https://www.bls.gov/schedule/2009/home.htm,yes
CPI,2009-08,2009-09-16,Wed,8:30 AM,slug+schedule_agree,2009-09-16,,https://www.bls.gov/news.release/archives/cpi_09162009.pdf,https://www.bls.gov/schedule/2009/home.htm,yes
CPI,2009-09,2009-10-15,Thu,8:30 AM,slug+schedule_agree,2009-10-15,,https://www.bls.gov/news.release/archives/cpi_10152009.pdf,https://www.bls.gov/schedule/2009/home.htm,yes
CPI,2009-10,2009-11-18,Wed,8:30 AM,slug+schedule_agree,2009-11-18,,https://www.bls.gov/news.release/archives/cpi_11182009.pdf,https://www.bls.gov/schedule/2009/home.htm,yes
CPI,2009-11,2009-12-16,Wed,8:30 AM,slug+schedule_agree,2009-12-16,,https://www.bls.gov/news.release/archives/cpi_12162009.pdf,https://www.bls.gov/schedule/2009/home.htm,yes
CPI,2009-12,2010-01-15,Fri,8:30 AM,slug+schedule_agree,2010-01-15,,https://www.bls.gov/news.release/archives/cpi_01152010.pdf,https://www.bls.gov/schedule/2010/home.htm,yes
CPI,2010-01,2010-02-19,Fri,8:30 AM,slug+schedule_agree,2010-02-19,,https://www.bls.gov/news.release/archives/cpi_02192010.pdf,https://www.bls.gov/schedule/2010/home.htm,yes
CPI,2010-02,2010-03-18,Thu,8:30 AM,slug+schedule_agree,2010-03-18,,https://www.bls.gov/news.release/archives/cpi_03182010.pdf,https://www.bls.gov/schedule/2010/home.htm,yes
CPI,2010-03,2010-04-14,Wed,8:30 AM,slug+schedule_agree,2010-04-14,,https://www.bls.gov/news.release/archives/cpi_04142010.pdf,https://www.bls.gov/schedule/2010/home.htm,yes
CPI,2010-04,2010-05-19,Wed,8:30 AM,slug+schedule_agree,2010-05-19,,https://www.bls.gov/news.release/archives/cpi_05192010.pdf,https://www.bls.gov/schedule/2010/home.htm,yes
CPI,2010-05,2010-06-17,Thu,8:30 AM,slug+schedule_agree,2010-06-17,,https://www.bls.gov/news.release/archives/cpi_06172010.pdf,https://www.bls.gov/schedule/2010/home.htm,yes
CPI,2010-06,2010-07-16,Fri,8:30 AM,slug+schedule_agree,2010-07-16,,https://www.bls.gov/news.release/archives/cpi_07162010.pdf,https://www.bls.gov/schedule/2010/home.htm,yes
CPI,2010-07,2010-08-13,Fri,8:30 AM,slug+schedule_agree,2010-08-13,,https://www.bls.gov/news.release/archives/cpi_08132010.pdf,https://www.bls.gov/schedule/2010/home.htm,yes
CPI,2010-08,2010-09-17,Fri,8:30 AM,slug+schedule_agree,2010-09-17,,https://www.bls.gov/news.release/archives/cpi_09172010.pdf,https://www.bls.gov/schedule/2010/home.htm,yes
CPI,2010-09,2010-10-15,Fri,8:30 AM,slug+schedule_agree,2010-10-15,,https://www.bls.gov/news.release/archives/cpi_10152010.pdf,https://www.bls.gov/schedule/2010/home.htm,yes
CPI,2010-10,2010-11-17,Wed,8:30 AM,slug+schedule_agree,2010-11-17,,https://www.bls.gov/news.release/archives/cpi_11172010.pdf,https://www.bls.gov/schedule/2010/home.htm,yes
CPI,2010-11,2010-12-15,Wed,8:30 AM,slug+schedule_agree,2010-12-15,,https://www.bls.gov/news.release/archives/cpi_12152010.pdf,https://www.bls.gov/schedule/2010/home.htm,yes
CPI,2010-12,2011-01-14,Fri,8:30 AM,slug+schedule_agree,2011-01-14,,https://www.bls.gov/news.release/archives/cpi_01142011.pdf,https://www.bls.gov/schedule/2011/home.htm,yes
CPI,2011-01,2011-02-17,Thu,8:30 AM,slug+schedule_agree,2011-02-17,,https://www.bls.gov/news.release/archives/cpi_02172011.pdf,https://www.bls.gov/schedule/2011/home.htm,yes
CPI,2011-02,2011-03-17,Thu,8:30 AM,slug+schedule_agree,2011-03-17,,https://www.bls.gov/news.release/archives/cpi_03172011.pdf,https://www.bls.gov/schedule/2011/home.htm,yes
CPI,2011-03,2011-04-15,Fri,8:30 AM,slug+schedule_agree,2011-04-15,,https://www.bls.gov/news.release/archives/cpi_04152011.pdf,https://www.bls.gov/schedule/2011/home.htm,yes
CPI,2011-04,2011-05-13,Fri,8:30 AM,slug+schedule_agree,2011-05-13,,https://www.bls.gov/news.release/archives/cpi_05132011.pdf,https://www.bls.gov/schedule/2011/home.htm,yes
CPI,2011-05,2011-06-15,Wed,8:30 AM,slug+schedule_agree,2011-06-15,,https://www.bls.gov/news.release/archives/cpi_06152011.pdf,https://www.bls.gov/schedule/2011/home.htm,yes
CPI,2011-06,2011-07-15,Fri,8:30 AM,slug+schedule_agree,2011-07-15,,https://www.bls.gov/news.release/archives/cpi_07152011.pdf,https://www.bls.gov/schedule/2011/home.htm,yes
CPI,2011-07,2011-08-18,Thu,8:30 AM,slug+schedule_agree,2011-08-18,,https://www.bls.gov/news.release/archives/cpi_08182011.pdf,https://www.bls.gov/schedule/2011/home.htm,yes
CPI,2011-08,2011-09-15,Thu,8:30 AM,slug+schedule_agree,2011-09-15,,https://www.bls.gov/news.release/archives/cpi_09152011.pdf,https://www.bls.gov/schedule/2011/home.htm,yes
CPI,2011-09,2011-10-19,Wed,8:30 AM,slug+schedule_agree,2011-10-19,,https://www.bls.gov/news.release/archives/cpi_10192011.pdf,https://www.bls.gov/schedule/2011/home.htm,yes
CPI,2011-10,2011-11-16,Wed,8:30 AM,slug+schedule_agree,2011-11-16,,https://www.bls.gov/news.release/archives/cpi_11162011.pdf,https://www.bls.gov/schedule/2011/home.htm,yes
CPI,2011-11,2011-12-16,Fri,8:30 AM,slug+schedule_agree,2011-12-16,,https://www.bls.gov/news.release/archives/cpi_12162011.pdf,https://www.bls.gov/schedule/2011/home.htm,yes
CPI,2011-12,2012-01-19,Thu,8:30 AM,slug+schedule_agree,2012-01-19,,https://www.bls.gov/news.release/archives/cpi_01192012.pdf,https://www.bls.gov/schedule/2012/home.htm,yes
CPI,2012-01,2012-02-17,Fri,8:30 AM,slug+schedule_agree,2012-02-17,,https://www.bls.gov/news.release/archives/cpi_02172012.pdf,https://www.bls.gov/schedule/2012/home.htm,yes
CPI,2012-02,2012-03-16,Fri,8:30 AM,slug+schedule_agree,2012-03-16,,https://www.bls.gov/news.release/archives/cpi_03162012.pdf,https://www.bls.gov/schedule/2012/home.htm,yes
CPI,2012-03,2012-04-13,Fri,8:30 AM,slug+schedule_agree,2012-04-13,,https://www.bls.gov/news.release/archives/cpi_04132012.pdf,https://www.bls.gov/schedule/2012/home.htm,yes
CPI,2012-04,2012-05-15,Tue,8:30 AM,slug+schedule_agree,2012-05-15,,https://www.bls.gov/news.release/archives/cpi_05152012.pdf,https://www.bls.gov/schedule/2012/home.htm,yes
CPI,2012-05,2012-06-14,Thu,8:30 AM,slug+schedule_agree,2012-06-14,,https://www.bls.gov/news.release/archives/cpi_06142012.pdf,https://www.bls.gov/schedule/2012/home.htm,yes
CPI,2012-06,2012-07-17,Tue,8:30 AM,slug+schedule_agree,2012-07-17,,https://www.bls.gov/news.release/archives/cpi_07172012.pdf,https://www.bls.gov/schedule/2012/home.htm,yes
CPI,2012-07,2012-08-15,Wed,8:30 AM,slug+schedule_agree,2012-08-15,,https://www.bls.gov/news.release/archives/cpi_08152012.pdf,https://www.bls.gov/schedule/2012/home.htm,yes
CPI,2012-08,2012-09-14,Fri,8:30 AM,slug+schedule_agree,2012-09-14,,https://www.bls.gov/news.release/archives/cpi_09142012.pdf,https://www.bls.gov/schedule/2012/home.htm,yes
CPI,2012-09,2012-10-16,Tue,8:30 AM,slug+schedule_agree,2012-10-16,,https://www.bls.gov/news.release/archives/cpi_10162012.pdf,https://www.bls.gov/schedule/2012/home.htm,yes
CPI,2012-10,2012-11-15,Thu,8:30 AM,slug+schedule_agree,2012-11-15,,https://www.bls.gov/news.release/archives/cpi_11152012.pdf,https://www.bls.gov/schedule/2012/home.htm,yes
CPI,2012-11,2012-12-14,Fri,8:30 AM,slug+schedule_agree,2012-12-14,,https://www.bls.gov/news.release/archives/cpi_12142012.pdf,https://www.bls.gov/schedule/2012/home.htm,yes
CPI,2012-12,2013-01-16,Wed,8:30 AM,slug+schedule_agree,2013-01-16,,https://www.bls.gov/news.release/archives/cpi_01162013.pdf,https://www.bls.gov/schedule/2013/home.htm,yes
CPI,2013-01,2013-02-21,Thu,8:30 AM,slug+schedule_agree,2013-02-21,,https://www.bls.gov/news.release/archives/cpi_02212013.pdf,https://www.bls.gov/schedule/2013/home.htm,yes
CPI,2013-02,2013-03-15,Fri,8:30 AM,slug+schedule_agree,2013-03-15,,https://www.bls.gov/news.release/archives/cpi_03152013.pdf,https://www.bls.gov/schedule/2013/home.htm,yes
CPI,2013-03,2013-04-16,Tue,8:30 AM,slug+schedule_agree,2013-04-16,,https://www.bls.gov/news.release/archives/cpi_04162013.pdf,https://www.bls.gov/schedule/2013/home.htm,yes
CPI,2013-04,2013-05-16,Thu,8:30 AM,slug+schedule_agree,2013-05-16,,https://www.bls.gov/news.release/archives/cpi_05162013.pdf,https://www.bls.gov/schedule/2013/home.htm,yes
CPI,2013-05,2013-06-18,Tue,8:30 AM,slug+schedule_agree,2013-06-18,,https://www.bls.gov/news.release/archives/cpi_06182013.pdf,https://www.bls.gov/schedule/2013/home.htm,yes
CPI,2013-06,2013-07-16,Tue,8:30 AM,slug+schedule_agree,2013-07-16,,https://www.bls.gov/news.release/archives/cpi_07162013.pdf,https://www.bls.gov/schedule/2013/home.htm,yes
CPI,2013-07,2013-08-15,Thu,8:30 AM,slug+schedule_agree,2013-08-15,,https://www.bls.gov/news.release/archives/cpi_08152013.pdf,https://www.bls.gov/schedule/2013/home.htm,yes
CPI,2013-08,2013-09-17,Tue,8:30 AM,slug+schedule_agree,2013-09-17,,https://www.bls.gov/news.release/archives/cpi_09172013.pdf,https://www.bls.gov/schedule/2013/home.htm,yes
CPI,2013-09,2013-10-30,Wed,8:30 AM,slug+schedule_agree,2013-10-30,,https://www.bls.gov/news.release/archives/cpi_10302013.pdf,https://www.bls.gov/schedule/2013/home.htm,yes
CPI,2013-10,2013-11-20,Wed,8:30 AM,slug+schedule_agree,2013-11-20,,https://www.bls.gov/news.release/archives/cpi_11202013.pdf,https://www.bls.gov/schedule/2013/home.htm,yes
CPI,2013-11,2013-12-17,Tue,8:30 AM,slug+schedule_agree,2013-12-17,,https://www.bls.gov/news.release/archives/cpi_12172013.pdf,https://www.bls.gov/schedule/2013/home.htm,yes
CPI,2013-12,2014-01-16,Thu,8:30 AM,slug+schedule_agree,2014-01-16,,https://www.bls.gov/news.release/archives/cpi_01162014.pdf,https://www.bls.gov/schedule/2014/home.htm,yes
CPI,2014-01,2014-02-20,Thu,8:30 AM,slug+schedule_agree,2014-02-20,,https://www.bls.gov/news.release/archives/cpi_02202014.pdf,https://www.bls.gov/schedule/2014/home.htm,yes
CPI,2014-02,2014-03-18,Tue,8:30 AM,slug+schedule_agree,2014-03-18,,https://www.bls.gov/news.release/archives/cpi_03182014.pdf,https://www.bls.gov/schedule/2014/home.htm,yes
CPI,2014-03,2014-04-15,Tue,8:30 AM,slug+schedule_agree,2014-04-15,,https://www.bls.gov/news.release/archives/cpi_04152014.pdf,https://www.bls.gov/schedule/2014/home.htm,yes
CPI,2014-04,2014-05-15,Thu,8:30 AM,slug+schedule_agree,2014-05-15,,https://www.bls.gov/news.release/archives/cpi_05152014.pdf,https://www.bls.gov/schedule/2014/home.htm,yes
CPI,2014-05,2014-06-17,Tue,8:30 AM,slug+schedule_agree,2014-06-17,,https://www.bls.gov/news.release/archives/cpi_06172014.pdf,https://www.bls.gov/schedule/2014/home.htm,yes
CPI,2014-06,2014-07-22,Tue,8:30 AM,slug+schedule_agree,2014-07-22,,https://www.bls.gov/news.release/archives/cpi_07222014.pdf,https://www.bls.gov/schedule/2014/home.htm,yes
CPI,2014-07,2014-08-19,Tue,8:30 AM,slug+schedule_agree,2014-08-19,,https://www.bls.gov/news.release/archives/cpi_08192014.pdf,https://www.bls.gov/schedule/2014/home.htm,yes
CPI,2014-08,2014-09-17,Wed,8:30 AM,slug+schedule_agree,2014-09-17,,https://www.bls.gov/news.release/archives/cpi_09172014.pdf,https://www.bls.gov/schedule/2014/home.htm,yes
CPI,2014-09,2014-10-22,Wed,8:30 AM,slug+schedule_agree,2014-10-22,,https://www.bls.gov/news.release/archives/cpi_10222014.pdf,https://www.bls.gov/schedule/2014/home.htm,yes
CPI,2014-10,2014-11-20,Thu,8:30 AM,slug+schedule_agree,2014-11-20,,https://www.bls.gov/news.release/archives/cpi_11202014.pdf,https://www.bls.gov/schedule/2014/home.htm,yes
CPI,2014-11,2014-12-17,Wed,8:30 AM,slug+schedule_agree,2014-12-17,,https://www.bls.gov/news.release/archives/cpi_12172014.pdf,https://www.bls.gov/schedule/2014/home.htm,yes
CPI,2014-12,2015-01-16,Fri,8:30 AM,slug+schedule_agree,2015-01-16,,https://www.bls.gov/news.release/archives/cpi_01162015.pdf,https://www.bls.gov/schedule/2015/home.htm,yes
CPI,2015-01,2015-02-26,Thu,8:30 AM,slug+schedule_agree,2015-02-26,,https://www.bls.gov/news.release/archives/cpi_02262015.pdf,https://www.bls.gov/schedule/2015/home.htm,yes
CPI,2015-02,2015-03-24,Tue,8:30 AM,slug+schedule_agree,2015-03-24,,https://www.bls.gov/news.release/archives/cpi_03242015.pdf,https://www.bls.gov/schedule/2015/home.htm,yes
CPI,2015-03,2015-04-17,Fri,8:30 AM,slug+schedule_agree,2015-04-17,,https://www.bls.gov/news.release/archives/cpi_04172015.pdf,https://www.bls.gov/schedule/2015/home.htm,yes
CPI,2015-04,2015-05-22,Fri,8:30 AM,slug+schedule_agree,2015-05-22,,https://www.bls.gov/news.release/archives/cpi_05222015.pdf,https://www.bls.gov/schedule/2015/home.htm,yes
CPI,2015-05,2015-06-18,Thu,8:30 AM,slug+schedule_agree,2015-06-18,,https://www.bls.gov/news.release/archives/cpi_06182015.pdf,https://www.bls.gov/schedule/2015/home.htm,yes
CPI,2015-06,2015-07-17,Fri,8:30 AM,slug+schedule_agree,2015-07-17,,https://www.bls.gov/news.release/archives/cpi_07172015.pdf,https://www.bls.gov/schedule/2015/home.htm,yes
CPI,2015-07,2015-08-19,Wed,8:30 AM,slug+schedule_agree,2015-08-19,,https://www.bls.gov/news.release/archives/cpi_08192015.pdf,https://www.bls.gov/schedule/2015/home.htm,yes
CPI,2015-08,2015-09-16,Wed,8:30 AM,slug+schedule_agree,2015-09-16,,https://www.bls.gov/news.release/archives/cpi_09162015.pdf,https://www.bls.gov/schedule/2015/home.htm,yes
CPI,2015-09,2015-10-15,Thu,8:30 AM,slug+schedule_agree,2015-10-15,,https://www.bls.gov/news.release/archives/cpi_10152015.pdf,https://www.bls.gov/schedule/2015/home.htm,yes
CPI,2015-10,2015-11-17,Tue,8:30 AM,slug+schedule_agree,2015-11-17,,https://www.bls.gov/news.release/archives/cpi_11172015.pdf,https://www.bls.gov/schedule/2015/home.htm,yes
CPI,2015-11,2015-12-15,Tue,8:30 AM,slug+schedule_agree,2015-12-15,,https://www.bls.gov/news.release/archives/cpi_12152015.pdf,https://www.bls.gov/schedule/2015/home.htm,yes
CPI,2015-12,2016-01-20,Wed,8:30 AM,slug+schedule_agree,2016-01-20,,https://www.bls.gov/news.release/archives/cpi_01202016.pdf,https://www.bls.gov/schedule/2016/home.htm,yes
CPI,2016-01,2016-02-19,Fri,8:30 AM,slug+schedule_agree,2016-02-19,,https://www.bls.gov/news.release/archives/cpi_02192016.pdf,https://www.bls.gov/schedule/2016/home.htm,yes
CPI,2016-02,2016-03-16,Wed,8:30 AM,slug+schedule_agree,2016-03-16,,https://www.bls.gov/news.release/archives/cpi_03162016.pdf,https://www.bls.gov/schedule/2016/home.htm,yes
CPI,2016-03,2016-04-14,Thu,8:30 AM,slug+schedule_agree,2016-04-14,,https://www.bls.gov/news.release/archives/cpi_04142016.pdf,https://www.bls.gov/schedule/2016/home.htm,yes
CPI,2016-04,2016-05-17,Tue,8:30 AM,slug+schedule_agree,2016-05-17,,https://www.bls.gov/news.release/archives/cpi_05172016.pdf,https://www.bls.gov/schedule/2016/home.htm,yes
CPI,2016-05,2016-06-16,Thu,8:30 AM,slug+schedule_agree,2016-06-16,,https://www.bls.gov/news.release/archives/cpi_06162016.pdf,https://www.bls.gov/schedule/2016/home.htm,yes
CPI,2016-06,2016-07-15,Fri,8:30 AM,slug+schedule_agree,2016-07-15,,https://www.bls.gov/news.release/archives/cpi_07152016.pdf,https://www.bls.gov/schedule/2016/home.htm,yes
CPI,2016-07,2016-08-16,Tue,8:30 AM,slug+schedule_agree,2016-08-16,,https://www.bls.gov/news.release/archives/cpi_08162016.pdf,https://www.bls.gov/schedule/2016/home.htm,yes
CPI,2016-08,2016-09-16,Fri,8:30 AM,slug+schedule_agree,2016-09-16,,https://www.bls.gov/news.release/archives/cpi_09162016.pdf,https://www.bls.gov/schedule/2016/home.htm,yes
CPI,2016-09,2016-10-18,Tue,8:30 AM,slug+schedule_agree,2016-10-18,,https://www.bls.gov/news.release/archives/cpi_10182016.pdf,https://www.bls.gov/schedule/2016/home.htm,yes
CPI,2016-10,2016-11-17,Thu,8:30 AM,slug+schedule_agree,2016-11-17,,https://www.bls.gov/news.release/archives/cpi_11172016.pdf,https://www.bls.gov/schedule/2016/home.htm,yes
CPI,2016-11,2016-12-15,Thu,8:30 AM,slug+schedule_agree,2016-12-15,,https://www.bls.gov/news.release/archives/cpi_12152016.pdf,https://www.bls.gov/schedule/2016/home.htm,yes
CPI,2016-12,2017-01-18,Wed,8:30 AM,slug+schedule_agree,2017-01-18,,https://www.bls.gov/news.release/archives/cpi_01182017.pdf,https://www.bls.gov/schedule/2017/home.htm,yes
CPI,2017-01,2017-02-15,Wed,8:30 AM,slug+schedule_agree,2017-02-15,,https://www.bls.gov/news.release/archives/cpi_02152017.pdf,https://www.bls.gov/schedule/2017/home.htm,yes
CPI,2017-02,2017-03-15,Wed,8:30 AM,slug+schedule_agree,2017-03-15,,https://www.bls.gov/news.release/archives/cpi_03152017.pdf,https://www.bls.gov/schedule/2017/home.htm,yes
CPI,2017-03,2017-04-14,Fri,8:30 AM,slug+schedule_agree,2017-04-14,,https://www.bls.gov/news.release/archives/cpi_04142017.pdf,https://www.bls.gov/schedule/2017/home.htm,yes
CPI,2017-04,2017-05-12,Fri,8:30 AM,slug+schedule_agree,2017-05-12,,https://www.bls.gov/news.release/archives/cpi_05122017.pdf,https://www.bls.gov/schedule/2017/home.htm,yes
CPI,2017-05,2017-06-14,Wed,8:30 AM,slug+schedule_agree,2017-06-14,,https://www.bls.gov/news.release/archives/cpi_06142017.pdf,https://www.bls.gov/schedule/2017/home.htm,yes
CPI,2017-06,2017-07-14,Fri,8:30 AM,slug+schedule_agree,2017-07-14,,https://www.bls.gov/news.release/archives/cpi_07142017.pdf,https://www.bls.gov/schedule/2017/home.htm,yes
CPI,2017-07,2017-08-11,Fri,8:30 AM,slug+schedule_agree,2017-08-11,,https://www.bls.gov/news.release/archives/cpi_08112017.pdf,https://www.bls.gov/schedule/2017/home.htm,yes
CPI,2017-08,2017-09-14,Thu,8:30 AM,slug+schedule_agree,2017-09-14,,https://www.bls.gov/news.release/archives/cpi_09142017.pdf,https://www.bls.gov/schedule/2017/home.htm,yes
CPI,2017-09,2017-10-13,Fri,8:30 AM,slug+schedule_agree,2017-10-13,,https://www.bls.gov/news.release/archives/cpi_10132017.pdf,https://www.bls.gov/schedule/2017/home.htm,yes
CPI,2017-10,2017-11-15,Wed,8:30 AM,slug+schedule_agree,2017-11-15,,https://www.bls.gov/news.release/archives/cpi_11152017.pdf,https://www.bls.gov/schedule/2017/home.htm,yes
CPI,2017-11,2017-12-13,Wed,8:30 AM,slug+schedule_agree,2017-12-13,,https://www.bls.gov/news.release/archives/cpi_12132017.pdf,https://www.bls.gov/schedule/2017/home.htm,yes
CPI,2017-12,2018-01-12,Fri,8:30 AM,slug+schedule_agree,2018-01-12,,https://www.bls.gov/news.release/archives/cpi_01122018.pdf,https://www.bls.gov/schedule/2018/home.htm,yes
CPI,2018-01,2018-02-14,Wed,8:30 AM,slug+schedule_agree,2018-02-14,,https://www.bls.gov/news.release/archives/cpi_02142018.pdf,https://www.bls.gov/schedule/2018/home.htm,yes
CPI,2018-02,2018-03-13,Tue,8:30 AM,slug+schedule_agree,2018-03-13,,https://www.bls.gov/news.release/archives/cpi_03132018.pdf,https://www.bls.gov/schedule/2018/home.htm,yes
CPI,2018-03,2018-04-11,Wed,8:30 AM,slug+schedule_agree,2018-04-11,,https://www.bls.gov/news.release/archives/cpi_04112018.pdf,https://www.bls.gov/schedule/2018/home.htm,yes
CPI,2018-04,2018-05-10,Thu,8:30 AM,slug+schedule_agree,2018-05-10,,https://www.bls.gov/news.release/archives/cpi_05102018.pdf,https://www.bls.gov/schedule/2018/home.htm,yes
CPI,2018-05,2018-06-12,Tue,8:30 AM,slug+schedule_agree,2018-06-12,,https://www.bls.gov/news.release/archives/cpi_06122018.pdf,https://www.bls.gov/schedule/2018/home.htm,yes
CPI,2018-06,2018-07-12,Thu,8:30 AM,slug+schedule_agree,2018-07-12,,https://www.bls.gov/news.release/archives/cpi_07122018.pdf,https://www.bls.gov/schedule/2018/home.htm,yes
CPI,2018-07,2018-08-10,Fri,8:30 AM,slug+schedule_agree,2018-08-10,,https://www.bls.gov/news.release/archives/cpi_08102018.pdf,https://www.bls.gov/schedule/2018/home.htm,yes
CPI,2018-08,2018-09-13,Thu,8:30 AM,slug+schedule_agree,2018-09-13,,https://www.bls.gov/news.release/archives/cpi_09132018.pdf,https://www.bls.gov/schedule/2018/home.htm,yes
CPI,2018-09,2018-10-11,Thu,8:30 AM,slug+schedule_agree,2018-10-11,,https://www.bls.gov/news.release/archives/cpi_10112018.pdf,https://www.bls.gov/schedule/2018/home.htm,yes
CPI,2018-10,2018-11-14,Wed,8:30 AM,slug+schedule_agree,2018-11-14,,https://www.bls.gov/news.release/archives/cpi_11142018.pdf,https://www.bls.gov/schedule/2018/home.htm,yes
CPI,2018-11,2018-12-12,Wed,8:30 AM,slug+schedule_agree,2018-12-12,,https://www.bls.gov/news.release/archives/cpi_12122018.pdf,https://www.bls.gov/schedule/2018/home.htm,yes
CPI,2018-12,2019-01-11,Fri,8:30 AM,slug+schedule_agree,2019-01-11,,https://www.bls.gov/news.release/archives/cpi_01112019.pdf,https://www.bls.gov/schedule/2019/home.htm,yes
CPI,2019-01,2019-02-13,Wed,8:30 AM,slug+schedule_agree,2019-02-13,,https://www.bls.gov/news.release/archives/cpi_02132019.pdf,https://www.bls.gov/schedule/2019/home.htm,yes
CPI,2019-02,2019-03-12,Tue,8:30 AM,schedule+archive_agree,2019-03-12,,,https://www.bls.gov/schedule/2019/home.htm,yes
CPI,2019-03,2019-04-10,Wed,8:30 AM,slug+schedule_agree,2019-04-10,,https://www.bls.gov/news.release/archives/cpi_04102019.pdf,https://www.bls.gov/schedule/2019/home.htm,yes
CPI,2019-04,2019-05-10,Fri,8:30 AM,slug+schedule_agree,2019-05-10,,https://www.bls.gov/news.release/archives/cpi_05102019.pdf,https://www.bls.gov/schedule/2019/home.htm,yes
CPI,2019-05,2019-06-12,Wed,8:30 AM,slug+schedule_agree,2019-06-12,,https://www.bls.gov/news.release/archives/cpi_06122019.pdf,https://www.bls.gov/schedule/2019/home.htm,yes
CPI,2019-06,2019-07-11,Thu,8:30 AM,slug+schedule_agree,2019-07-11,,https://www.bls.gov/news.release/archives/cpi_07112019.pdf,https://www.bls.gov/schedule/2019/home.htm,yes
CPI,2019-07,2019-08-13,Tue,8:30 AM,slug+schedule_agree,2019-08-13,,https://www.bls.gov/news.release/archives/cpi_08132019.pdf,https://www.bls.gov/schedule/2019/home.htm,yes
CPI,2019-08,2019-09-12,Thu,8:30 AM,slug+schedule_agree,2019-09-12,,https://www.bls.gov/news.release/archives/cpi_09122019.pdf,https://www.bls.gov/schedule/2019/home.htm,yes
CPI,2019-09,2019-10-10,Thu,8:30 AM,slug+schedule_agree,2019-10-10,,https://www.bls.gov/news.release/archives/cpi_10102019.pdf,https://www.bls.gov/schedule/2019/home.htm,yes
CPI,2019-10,2019-11-13,Wed,8:30 AM,schedule+archive_agree,2019-11-13,,,https://www.bls.gov/schedule/2019/home.htm,yes
CPI,2019-11,2019-12-11,Wed,8:30 AM,slug+schedule_agree,2019-12-11,,https://www.bls.gov/news.release/archives/cpi_12112019.pdf,https://www.bls.gov/schedule/2019/home.htm,yes
CPI,2019-12,2020-01-14,Tue,8:30 AM,slug+schedule_agree,2020-01-14,,https://www.bls.gov/news.release/archives/cpi_01142020.pdf,https://www.bls.gov/schedule/2020/home.htm,yes
CPI,2020-01,2020-02-13,Thu,8:30 AM,slug+schedule_agree,2020-02-13,,https://www.bls.gov/news.release/archives/cpi_02132020.pdf,https://www.bls.gov/schedule/2020/home.htm,yes
CPI,2020-02,2020-03-11,Wed,8:30 AM,slug+schedule_agree,2020-03-11,,https://www.bls.gov/news.release/archives/cpi_03112020.pdf,https://www.bls.gov/schedule/2020/home.htm,yes
CPI,2020-03,2020-04-10,Fri,8:30 AM,slug+schedule_agree,2020-04-10,,https://www.bls.gov/news.release/archives/cpi_04102020.pdf,https://www.bls.gov/schedule/2020/home.htm,yes
CPI,2020-04,2020-05-12,Tue,8:30 AM,slug+schedule_agree,2020-05-12,,https://www.bls.gov/news.release/archives/cpi_05122020.pdf,https://www.bls.gov/schedule/2020/home.htm,yes
CPI,2020-05,2020-06-10,Wed,8:30 AM,slug+schedule_agree,2020-06-10,,https://www.bls.gov/news.release/archives/cpi_06102020.pdf,https://www.bls.gov/schedule/2020/home.htm,yes
CPI,2020-06,2020-07-14,Tue,8:30 AM,slug+schedule_agree,2020-07-14,,https://www.bls.gov/news.release/archives/cpi_07142020.pdf,https://www.bls.gov/schedule/2020/home.htm,yes
CPI,2020-07,2020-08-12,Wed,8:30 AM,slug+schedule_agree,2020-08-12,,https://www.bls.gov/news.release/archives/cpi_08122020.pdf,https://www.bls.gov/schedule/2020/home.htm,yes
CPI,2020-08,2020-09-11,Fri,8:30 AM,slug+schedule_agree,2020-09-11,,https://www.bls.gov/news.release/archives/cpi_09112020.pdf,https://www.bls.gov/schedule/2020/home.htm,yes
CPI,2020-09,2020-10-13,Tue,8:30 AM,slug+schedule_agree,2020-10-13,,https://www.bls.gov/news.release/archives/cpi_10132020.pdf,https://www.bls.gov/schedule/2020/home.htm,yes
CPI,2020-10,2020-11-12,Thu,8:30 AM,slug+schedule_agree,2020-11-12,,https://www.bls.gov/news.release/archives/cpi_11122020.pdf,https://www.bls.gov/schedule/2020/home.htm,yes
CPI,2020-11,2020-12-10,Thu,8:30 AM,slug+schedule_agree,2020-12-10,,https://www.bls.gov/news.release/archives/cpi_12102020.pdf,https://www.bls.gov/schedule/2020/home.htm,yes
CPI,2020-12,2021-01-13,Wed,8:30 AM,slug+schedule_agree,2021-01-13,,https://www.bls.gov/news.release/archives/cpi_01132021.pdf,https://www.bls.gov/schedule/2021/home.htm,yes
CPI,2021-01,2021-02-10,Wed,8:30 AM,slug+schedule_agree,2021-02-10,,https://www.bls.gov/news.release/archives/cpi_02102021.pdf,https://www.bls.gov/schedule/2021/home.htm,yes
CPI,2021-02,2021-03-10,Wed,8:30 AM,slug+schedule_agree,2021-03-10,,https://www.bls.gov/news.release/archives/cpi_03102021.pdf,https://www.bls.gov/schedule/2021/home.htm,yes
CPI,2021-03,2021-04-13,Tue,8:30 AM,slug+schedule_agree,2021-04-13,,https://www.bls.gov/news.release/archives/cpi_04132021.pdf,https://www.bls.gov/schedule/2021/home.htm,yes
CPI,2021-04,2021-05-12,Wed,8:30 AM,slug+schedule_agree,2021-05-12,,https://www.bls.gov/news.release/archives/cpi_05122021.pdf,https://www.bls.gov/schedule/2021/home.htm,yes
CPI,2021-05,2021-06-10,Thu,8:30 AM,slug+schedule_agree,2021-06-10,,https://www.bls.gov/news.release/archives/cpi_06102021.pdf,https://www.bls.gov/schedule/2021/home.htm,yes
CPI,2021-06,2021-07-13,Tue,8:30 AM,slug+schedule_agree,2021-07-13,,https://www.bls.gov/news.release/archives/cpi_07132021.pdf,https://www.bls.gov/schedule/2021/home.htm,yes
CPI,2021-07,2021-08-11,Wed,8:30 AM,slug+schedule_agree,2021-08-11,,https://www.bls.gov/news.release/archives/cpi_08112021.pdf,https://www.bls.gov/schedule/2021/home.htm,yes
CPI,2021-08,2021-09-14,Tue,8:30 AM,slug+schedule_agree,2021-09-14,,https://www.bls.gov/news.release/archives/cpi_09142021.pdf,https://www.bls.gov/schedule/2021/home.htm,yes
CPI,2021-09,2021-10-13,Wed,8:30 AM,slug+schedule_agree,2021-10-13,,https://www.bls.gov/news.release/archives/cpi_10132021.pdf,https://www.bls.gov/schedule/2021/home.htm,yes
CPI,2021-10,2021-11-10,Wed,8:30 AM,slug+schedule_agree,2021-11-10,,https://www.bls.gov/news.release/archives/cpi_11102021.pdf,https://www.bls.gov/schedule/2021/home.htm,yes
CPI,2021-11,2021-12-10,Fri,8:30 AM,slug+schedule_agree,2021-12-10,,https://www.bls.gov/news.release/archives/cpi_12102021.pdf,https://www.bls.gov/schedule/2021/home.htm,yes
CPI,2021-12,2022-01-12,Wed,8:30 AM,slug+schedule_agree,2022-01-12,,https://www.bls.gov/news.release/archives/cpi_01122022.pdf,https://www.bls.gov/schedule/2022/home.htm,yes
CPI,2022-01,2022-02-10,Thu,8:30 AM,slug+schedule_agree,2022-02-10,,https://www.bls.gov/news.release/archives/cpi_02102022.pdf,https://www.bls.gov/schedule/2022/home.htm,yes
CPI,2022-02,2022-03-10,Thu,8:30 AM,slug+schedule_agree,2022-03-10,,https://www.bls.gov/news.release/archives/cpi_03102022.pdf,https://www.bls.gov/schedule/2022/home.htm,yes
CPI,2022-03,2022-04-12,Tue,8:30 AM,slug+schedule_agree,2022-04-12,,https://www.bls.gov/news.release/archives/cpi_04122022.pdf,https://www.bls.gov/schedule/2022/home.htm,yes
CPI,2022-04,2022-05-11,Wed,8:30 AM,slug+schedule_agree,2022-05-11,,https://www.bls.gov/news.release/archives/cpi_05112022.pdf,https://www.bls.gov/schedule/2022/home.htm,yes
CPI,2022-05,2022-06-10,Fri,8:30 AM,slug+schedule_agree,2022-06-10,,https://www.bls.gov/news.release/archives/cpi_06102022.pdf,https://www.bls.gov/schedule/2022/home.htm,yes
CPI,2022-06,2022-07-13,Wed,8:30 AM,slug+schedule_agree,2022-07-13,,https://www.bls.gov/news.release/archives/cpi_07132022.pdf,https://www.bls.gov/schedule/2022/home.htm,yes
CPI,2022-07,2022-08-10,Wed,8:30 AM,slug+schedule_agree,2022-08-10,,https://www.bls.gov/news.release/archives/cpi_08102022.pdf,https://www.bls.gov/schedule/2022/home.htm,yes
CPI,2022-08,2022-09-13,Tue,8:30 AM,slug+schedule_agree,2022-09-13,,https://www.bls.gov/news.release/archives/cpi_09132022.pdf,https://www.bls.gov/schedule/2022/home.htm,yes
CPI,2022-09,2022-10-13,Thu,8:30 AM,slug+schedule_agree,2022-10-13,,https://www.bls.gov/news.release/archives/cpi_10132022.pdf,https://www.bls.gov/schedule/2022/home.htm,yes
CPI,2022-10,2022-11-10,Thu,8:30 AM,slug+schedule_agree,2022-11-10,,https://www.bls.gov/news.release/archives/cpi_11102022.pdf,https://www.bls.gov/schedule/2022/home.htm,yes
CPI,2022-11,2022-12-13,Tue,8:30 AM,slug+schedule_agree,2022-12-13,,https://www.bls.gov/news.release/archives/cpi_12132022.pdf,https://www.bls.gov/schedule/2022/home.htm,yes
CPI,2022-12,2023-01-12,Thu,8:30 AM,slug+schedule_agree,2023-01-12,,https://www.bls.gov/news.release/archives/cpi_01122023.pdf,https://www.bls.gov/schedule/2023/home.htm,yes
CPI,2023-01,2023-02-14,Tue,8:30 AM,slug+schedule_agree,2023-02-14,,https://www.bls.gov/news.release/archives/cpi_02142023.pdf,https://www.bls.gov/schedule/2023/home.htm,yes
CPI,2023-02,2023-03-14,Tue,8:30 AM,slug+schedule_agree,2023-03-14,,https://www.bls.gov/news.release/archives/cpi_03142023.pdf,https://www.bls.gov/schedule/2023/home.htm,yes
CPI,2023-03,2023-04-12,Wed,8:30 AM,slug+schedule_agree,2023-04-12,,https://www.bls.gov/news.release/archives/cpi_04122023.pdf,https://www.bls.gov/schedule/2023/home.htm,yes
CPI,2023-04,2023-05-10,Wed,8:30 AM,slug+schedule_agree,2023-05-10,,https://www.bls.gov/news.release/archives/cpi_05102023.pdf,https://www.bls.gov/schedule/2023/home.htm,yes
CPI,2023-05,2023-06-13,Tue,8:30 AM,slug+schedule_agree,2023-06-13,,https://www.bls.gov/news.release/archives/cpi_06132023.pdf,https://www.bls.gov/schedule/2023/home.htm,yes
CPI,2023-06,2023-07-12,Wed,8:30 AM,slug+schedule_agree,2023-07-12,,https://www.bls.gov/news.release/archives/cpi_07122023.pdf,https://www.bls.gov/schedule/2023/home.htm,yes
CPI,2023-07,2023-08-10,Thu,8:30 AM,slug+schedule_agree,2023-08-10,,https://www.bls.gov/news.release/archives/cpi_08102023.pdf,https://www.bls.gov/schedule/2023/home.htm,yes
CPI,2023-08,2023-09-13,Wed,8:30 AM,slug+schedule_agree,2023-09-13,,https://www.bls.gov/news.release/archives/cpi_09132023.pdf,https://www.bls.gov/schedule/2023/home.htm,yes
CPI,2023-09,2023-10-12,Thu,8:30 AM,slug+schedule_agree,2023-10-12,,https://www.bls.gov/news.release/archives/cpi_10122023.pdf,https://www.bls.gov/schedule/2023/home.htm,yes
CPI,2023-10,2023-11-14,Tue,8:30 AM,slug+schedule_agree,2023-11-14,,https://www.bls.gov/news.release/archives/cpi_11142023.pdf,https://www.bls.gov/schedule/2023/home.htm,yes
CPI,2023-11,2023-12-12,Tue,8:30 AM,slug+schedule_agree,2023-12-12,,https://www.bls.gov/news.release/archives/cpi_12122023.pdf,https://www.bls.gov/schedule/2023/home.htm,yes
CPI,2023-12,2024-01-11,Thu,8:30 AM,slug+schedule_agree,2024-01-11,,https://www.bls.gov/news.release/archives/cpi_01112024.pdf,https://www.bls.gov/schedule/2024/home.htm,yes
CPI,2024-01,2024-02-13,Tue,8:30 AM,schedule+archive_agree,2024-02-13,,,https://www.bls.gov/schedule/2024/home.htm,yes
CPI,2024-02,2024-03-12,Tue,8:30 AM,schedule+archive_agree,2024-03-12,,,https://www.bls.gov/schedule/2024/home.htm,yes
CPI,2024-03,2024-04-10,Wed,8:30 AM,schedule+archive_agree,2024-04-10,,,https://www.bls.gov/schedule/2024/home.htm,yes
CPI,2024-04,2024-05-15,Wed,8:30 AM,schedule+archive_agree,2024-05-15,,,https://www.bls.gov/schedule/2024/home.htm,yes
CPI,2024-05,2024-06-12,Wed,8:30 AM,schedule+archive_agree,2024-06-12,,,https://www.bls.gov/schedule/2024/home.htm,yes
CPI,2024-06,2024-07-11,Thu,8:30 AM,schedule+archive_agree,2024-07-11,,,https://www.bls.gov/schedule/2024/home.htm,yes
CPI,2024-07,2024-08-14,Wed,8:30 AM,schedule+archive_agree,2024-08-14,,,https://www.bls.gov/schedule/2024/home.htm,yes
CPI,2024-08,2024-09-11,Wed,8:30 AM,schedule+archive_agree,2024-09-11,,,https://www.bls.gov/schedule/2024/home.htm,yes
CPI,2024-09,2024-10-10,Thu,8:30 AM,schedule+archive_agree,2024-10-10,,,https://www.bls.gov/schedule/2024/home.htm,yes
CPI,2024-10,2024-11-13,Wed,8:30 AM,schedule+archive_agree,2024-11-13,,,https://www.bls.gov/schedule/2024/home.htm,yes
CPI,2024-11,2024-12-11,Wed,8:30 AM,schedule+archive_agree,2024-12-11,,,https://www.bls.gov/schedule/2024/home.htm,yes
CPI,2024-12,2025-01-15,Wed,8:30 AM,schedule+archive_agree,2025-01-15,,,https://www.bls.gov/schedule/2025/home.htm,yes
CPI,2025-01,2025-02-12,Wed,8:30 AM,schedule+archive_agree,2025-02-12,,,https://www.bls.gov/schedule/2025/home.htm,yes
CPI,2025-02,2025-03-12,Wed,8:30 AM,schedule+archive_agree,2025-03-12,,,https://www.bls.gov/schedule/2025/home.htm,yes
CPI,2025-03,2025-04-10,Thu,8:30 AM,schedule+archive_agree,2025-04-10,,,https://www.bls.gov/schedule/2025/home.htm,yes
CPI,2025-04,2025-05-13,Tue,8:30 AM,schedule+archive_agree,2025-05-13,,,https://www.bls.gov/schedule/2025/home.htm,yes
CPI,2025-05,2025-06-11,Wed,8:30 AM,schedule+archive_agree,2025-06-11,,,https://www.bls.gov/schedule/2025/home.htm,yes
CPI,2025-06,2025-07-15,Tue,8:30 AM,schedule+archive_agree,2025-07-15,,,https://www.bls.gov/schedule/2025/home.htm,yes
CPI,2025-07,2025-08-12,Tue,8:30 AM,schedule+archive_agree,2025-08-12,,,https://www.bls.gov/schedule/2025/home.htm,yes
CPI,2025-08,2025-09-11,Thu,8:30 AM,schedule+archive_agree,2025-09-11,,,https://www.bls.gov/schedule/2025/home.htm,yes
CPI,2025-09,2025-10-24,Fri,8:30 AM,schedule+archive_agree,2025-10-24,,,https://www.bls.gov/schedule/2025/home.htm,yes
CPI,2025-11,2025-12-18,Thu,8:30 AM,schedule+archive_agree,2025-12-18,,,https://www.bls.gov/schedule/2025/home.htm,yes
CPI,2025-12,2026-01-13,Tue,8:30 AM,schedule+archive_agree,2026-01-13,,,https://www.bls.gov/schedule/2026/home.htm,yes
CPI,2026-01,2026-02-13,Fri,8:30 AM,schedule+archive_agree,2026-02-13,,,https://www.bls.gov/schedule/2026/home.htm,yes
CPI,2026-02,2026-03-11,Wed,8:30 AM,schedule+archive_agree,2026-03-11,,,https://www.bls.gov/schedule/2026/home.htm,yes
CPI,2026-03,2026-04-10,Fri,8:30 AM,schedule+archive_agree,2026-04-10,,,https://www.bls.gov/schedule/2026/home.htm,yes
CPI,2026-04,2026-05-12,Tue,8:30 AM,schedule+archive_agree,2026-05-12,,,https://www.bls.gov/schedule/2026/home.htm,yes
CPI,2026-05,2026-06-10,Wed,8:30 AM,schedule+archive_agree,2026-06-10,,,https://www.bls.gov/schedule/2026/home.htm,yes
CPI,2026-06,2026-07-14,Tue,8:30 AM,schedule+archive_agree,2026-07-14,,,https://www.bls.gov/schedule/2026/home.htm,yes
CPI,2026-07,2026-08-12,Wed,8:30 AM,schedule+archive_agree,2026-08-12,,,https://www.bls.gov/schedule/2026/home.htm,yes
CPI,2026-08,2026-09-11,Fri,8:30 AM,schedule_only,2026-09-11,future_scheduled,,https://www.bls.gov/schedule/2026/home.htm,no
CPI,2026-09,2026-10-14,Wed,8:30 AM,schedule_only,2026-10-14,future_scheduled,,https://www.bls.gov/schedule/2026/home.htm,no
CPI,2026-10,2026-11-10,Tue,8:30 AM,schedule_only,2026-11-10,future_scheduled,,https://www.bls.gov/schedule/2026/home.htm,no
CPI,2026-11,2026-12-10,Thu,8:30 AM,schedule_only,2026-12-10,future_scheduled,,https://www.bls.gov/schedule/2026/home.htm,no
EMPSIT,1994-01,1994-02-04,Fri,8:30 AM,document_verified_embargo,,,https://www.bls.gov/news.release/history/empsit_020494.txt,,yes
EMPSIT,1994-02,1994-03-04,Fri,8:30 AM,document_verified_embargo,,,https://www.bls.gov/news.release/history/empsit_030494.txt,,yes
EMPSIT,1994-03,1994-04-01,Fri,8:30 AM,document_verified_embargo,,,https://www.bls.gov/news.release/history/empsit_040194.txt,,yes
EMPSIT,1994-04,1994-05-06,Fri,8:30 AM,document_verified_embargo,,,https://www.bls.gov/news.release/history/empsit_050694.txt,,yes
EMPSIT,1994-05,1994-06-03,Fri,8:30 AM,document_verified_embargo,,,https://www.bls.gov/news.release/history/empsit_060394.txt,,yes
EMPSIT,1994-06,1994-07-08,Fri,8:30 AM,document_verified_embargo,,,https://www.bls.gov/news.release/history/empsit_070894.txt,,yes
EMPSIT,1994-07,1994-08-05,Fri,8:30 AM,document_verified_embargo,,,https://www.bls.gov/news.release/history/empsit_080594.txt,,yes
EMPSIT,1994-08,1994-09-02,Fri,8:30 AM,document_verified_embargo,,,https://www.bls.gov/news.release/history/empsit_090294.txt,,yes
EMPSIT,1994-09,1994-10-07,Fri,8:30 AM,document_verified_embargo,,,https://www.bls.gov/news.release/history/empsit_100794.txt,,yes
EMPSIT,1994-10,1994-11-04,Fri,8:30 AM,document_verified_embargo,,,https://www.bls.gov/news.release/history/empsit_110494.txt,,yes
EMPSIT,1994-11,1994-12-02,Fri,8:30 AM,document_verified_embargo,,,https://www.bls.gov/news.release/history/empsit_120294.txt,,yes
EMPSIT,1994-12,1995-01-06,Fri,8:30 AM,document_verified_embargo,,,https://www.bls.gov/news.release/history/empsit_010695.txt,,yes
EMPSIT,1995-01,1995-02-03,Fri,,slug_only,,,https://www.bls.gov/news.release/archives/empsit_02031995.pdf,,yes
EMPSIT,1995-02,1995-03-10,Fri,8:30 AM,document_verified_embargo,,,https://www.bls.gov/news.release/history/empsit_031095.txt,,yes
EMPSIT,1995-03,1995-04-07,Fri,8:30 AM,document_verified_embargo,,,https://www.bls.gov/news.release/history/empsit_040795.txt,,yes
EMPSIT,1995-04,1995-05-05,Fri,8:30 AM,document_verified_embargo,,,https://www.bls.gov/news.release/history/empsit_050595.txt,,yes
EMPSIT,1995-05,1995-06-02,Fri,,slug_only,,,https://www.bls.gov/news.release/archives/empsit_06021995.pdf,,yes
EMPSIT,1995-06,1995-07-07,Fri,8:30 AM,document_verified_embargo,,,https://www.bls.gov/news.release/history/empsit_070795.txt,,yes
EMPSIT,1995-07,1995-08-04,Fri,8:30 AM,document_verified_embargo,,,https://www.bls.gov/news.release/history/empsit_080495.txt,,yes
EMPSIT,1995-08,1995-09-01,Fri,8:30 AM,document_verified_embargo,,,https://www.bls.gov/news.release/history/empsit_090195.txt,,yes
EMPSIT,1995-09,1995-10-06,Fri,8:30 AM,document_verified_embargo,,,https://www.bls.gov/news.release/history/empsit_100695.txt,,yes
EMPSIT,1995-10,1995-11-03,Fri,8:30 AM,document_verified_embargo,,,https://www.bls.gov/news.release/history/empsit_110395.txt,,yes
EMPSIT,1995-11,1995-12-08,Fri,8:30 AM,document_verified_embargo,,,https://www.bls.gov/news.release/history/empsit_120895.txt,,yes
EMPSIT,1995-12,1996-01-19,Fri,8:30 AM,document_verified_embargo,,,https://www.bls.gov/news.release/history/empsit_011996.txt,,yes
EMPSIT,1996-01,1996-02-02,Fri,8:30 AM,document_verified_embargo,,,https://www.bls.gov/news.release/history/empsit_020296.txt,,yes
EMPSIT,1996-02,1996-03-08,Fri,8:30 AM,document_verified_embargo,,,https://www.bls.gov/news.release/history/empsit_030896.txt,,yes
EMPSIT,1996-03,1996-04-05,Fri,8:30 AM,document_verified_embargo,,,https://www.bls.gov/news.release/history/empsit_040596.txt,,yes
EMPSIT,1996-04,1996-05-03,Fri,8:30 AM,document_verified_embargo,,,https://www.bls.gov/news.release/history/empsit_050396.txt,,yes
EMPSIT,1996-05,1996-06-07,Fri,8:30 AM,document_verified_embargo,,,https://www.bls.gov/news.release/history/empsit_060796.txt,,yes
EMPSIT,1996-06,1996-07-05,Fri,8:30 AM,document_verified_embargo,,,https://www.bls.gov/news.release/history/empsit_070596.txt,,yes
EMPSIT,1996-07,1996-08-02,Fri,8:30 AM,document_verified_embargo,,,https://www.bls.gov/news.release/history/empsit_080296.txt,,yes
EMPSIT,1996-08,1996-09-06,Fri,8:30 AM,document_verified_embargo,,,https://www.bls.gov/news.release/history/empsit_090696.txt,,yes
EMPSIT,1996-09,1996-10-04,Fri,8:30 AM,document_verified_embargo,,,https://www.bls.gov/news.release/history/empsit_100496.txt,,yes
EMPSIT,1996-10,1996-11-01,Fri,8:30 AM,document_verified_embargo,,,https://www.bls.gov/news.release/history/empsit_110196.txt,,yes
EMPSIT,1996-11,1996-12-06,Fri,8:30 AM,document_verified_embargo,,,https://www.bls.gov/news.release/history/empsit_120696.txt,,yes
EMPSIT,1996-12,1997-01-10,Fri,8:30 AM,slug+schedule_agree,1997-01-10,,https://www.bls.gov/news.release/history/empsit_011097.txt,https://www.bls.gov/schedule/1997/home.htm,yes
EMPSIT,1997-01,1997-02-07,Fri,8:30 AM,slug+schedule_agree,1997-02-07,,https://www.bls.gov/news.release/history/empsit_020797.txt,https://www.bls.gov/schedule/1997/home.htm,yes
EMPSIT,1997-02,1997-03-07,Fri,8:30 AM,slug+schedule_agree,1997-03-07,,https://www.bls.gov/news.release/history/empsit_030797.txt,https://www.bls.gov/schedule/1997/home.htm,yes
EMPSIT,1997-03,1997-04-04,Fri,8:30 AM,slug+schedule_agree,1997-04-04,,https://www.bls.gov/news.release/history/empsit_040497.txt,https://www.bls.gov/schedule/1997/home.htm,yes
EMPSIT,1997-04,1997-05-02,Fri,8:30 AM,slug+schedule_agree,1997-05-02,,https://www.bls.gov/news.release/history/empsit_050297.txt,https://www.bls.gov/schedule/1997/home.htm,yes
EMPSIT,1997-05,1997-06-06,Fri,8:30 AM,slug+schedule_agree,1997-06-06,,https://www.bls.gov/news.release/history/empsit_060697.txt,https://www.bls.gov/schedule/1997/home.htm,yes
EMPSIT,1997-06,1997-07-03,Thu,8:30 AM,document_verified,1997-07-03,,https://www.bls.gov/news.release/history/empsit_070997.txt,https://www.bls.gov/schedule/1997/home.htm,no
EMPSIT,1997-07,1997-08-01,Fri,8:30 AM,slug+schedule_agree,1997-08-01,,https://www.bls.gov/news.release/history/empsit_080197.txt,https://www.bls.gov/schedule/1997/home.htm,yes
EMPSIT,1997-08,1997-09-05,Fri,8:30 AM,slug+schedule_agree,1997-09-05,,https://www.bls.gov/news.release/history/empsit_090597.txt,https://www.bls.gov/schedule/1997/home.htm,yes
EMPSIT,1997-09,1997-10-03,Fri,8:30 AM,slug+schedule_agree,1997-10-03,,https://www.bls.gov/news.release/history/empsit_100397.txt,https://www.bls.gov/schedule/1997/home.htm,yes
EMPSIT,1997-10,1997-11-07,Fri,8:30 AM,slug+schedule_agree,1997-11-07,,https://www.bls.gov/news.release/history/empsit_110797.txt,https://www.bls.gov/schedule/1997/home.htm,yes
EMPSIT,1997-11,1997-12-05,Fri,8:30 AM,slug+schedule_agree,1997-12-05,,https://www.bls.gov/news.release/history/empsit_120597.txt,https://www.bls.gov/schedule/1997/home.htm,yes
EMPSIT,1997-12,1998-01-09,Fri,8:30 AM,slug+schedule_agree,1998-01-09,,https://www.bls.gov/news.release/history/empsit_010998.txt,https://www.bls.gov/schedule/1998/home.htm,yes
EMPSIT,1998-01,1998-02-06,Fri,8:30 AM,slug+schedule_agree,1998-02-06,,https://www.bls.gov/news.release/history/empsit_020698.txt,https://www.bls.gov/schedule/1998/home.htm,yes
EMPSIT,1998-02,1998-03-06,Fri,8:30 AM,slug+schedule_agree,1998-03-06,,https://www.bls.gov/news.release/history/empsit_030698.txt,https://www.bls.gov/schedule/1998/home.htm,yes
EMPSIT,1998-03,1998-04-03,Fri,8:30 AM,slug+schedule_agree,1998-04-03,,https://www.bls.gov/news.release/history/empsit_040398.txt,https://www.bls.gov/schedule/1998/home.htm,yes
EMPSIT,1998-04,1998-05-08,Fri,8:30 AM,slug+schedule_agree,1998-05-08,,https://www.bls.gov/news.release/history/empsit_050898.txt,https://www.bls.gov/schedule/1998/home.htm,yes
EMPSIT,1998-05,1998-06-05,Fri,8:30 AM,slug+schedule_agree,1998-06-05,,https://www.bls.gov/news.release/history/empsit_060598.txt,https://www.bls.gov/schedule/1998/home.htm,yes
EMPSIT,1998-06,1998-07-02,Thu,8:30 AM,slug+schedule_agree,1998-07-02,,https://www.bls.gov/news.release/history/empsit_070298.txt,https://www.bls.gov/schedule/1998/home.htm,yes
EMPSIT,1998-07,1998-08-07,Fri,8:30 AM,slug+schedule_agree,1998-08-07,,https://www.bls.gov/news.release/history/empsit_080798.txt,https://www.bls.gov/schedule/1998/home.htm,yes
EMPSIT,1998-08,1998-09-04,Fri,8:30 AM,slug+schedule_agree,1998-09-04,,https://www.bls.gov/news.release/history/empsit_090498.txt,https://www.bls.gov/schedule/1998/home.htm,yes
EMPSIT,1998-09,1998-10-02,Fri,8:30 AM,slug+schedule_agree,1998-10-02,,https://www.bls.gov/news.release/history/empsit_100298.txt,https://www.bls.gov/schedule/1998/home.htm,yes
EMPSIT,1998-10,1998-11-05,Thu,1:30 PM,document_verified,1998-11-06,,https://www.bls.gov/news.release/history/empsit_110598.txt,https://www.bls.gov/schedule/1998/home.htm,yes
EMPSIT,1998-11,1998-12-04,Fri,8:30 AM,slug+schedule_agree,1998-12-04,,https://www.bls.gov/news.release/history/empsit_12041998.txt,https://www.bls.gov/schedule/1998/home.htm,yes
EMPSIT,1998-12,1999-01-08,Fri,8:30 AM,slug+schedule_agree,1999-01-08,,https://www.bls.gov/news.release/history/empsit_010899.txt,https://www.bls.gov/schedule/1999/home.htm,yes
EMPSIT,1999-01,1999-02-05,Fri,8:30 AM,slug+schedule_agree,1999-02-05,,https://www.bls.gov/news.release/history/empsit_020599.txt,https://www.bls.gov/schedule/1999/home.htm,yes
EMPSIT,1999-02,1999-03-05,Fri,8:30 AM,slug+schedule_agree,1999-03-05,,https://www.bls.gov/news.release/history/empsit_030599.txt,https://www.bls.gov/schedule/1999/home.htm,yes
EMPSIT,1999-03,1999-04-02,Fri,8:30 AM,slug+schedule_agree,1999-04-02,,https://www.bls.gov/news.release/history/empsit_040299.txt,https://www.bls.gov/schedule/1999/home.htm,yes
EMPSIT,1999-04,1999-05-07,Fri,8:30 AM,slug+schedule_agree,1999-05-07,,https://www.bls.gov/news.release/history/empsit_050799.txt,https://www.bls.gov/schedule/1999/home.htm,yes
EMPSIT,1999-05,1999-06-04,Fri,8:30 AM,slug+schedule_agree,1999-06-04,,https://www.bls.gov/news.release/history/empsit_06041999.txt,https://www.bls.gov/schedule/1999/home.htm,yes
EMPSIT,1999-06,1999-07-02,Fri,8:30 AM,slug+schedule_agree,1999-07-02,,https://www.bls.gov/news.release/history/empsit_07021999.txt,https://www.bls.gov/schedule/1999/home.htm,yes
EMPSIT,1999-07,1999-08-06,Fri,8:30 AM,slug+schedule_agree,1999-08-06,,https://www.bls.gov/news.release/history/empsit_08061999.txt,https://www.bls.gov/schedule/1999/home.htm,yes
EMPSIT,1999-08,1999-09-03,Fri,8:30 AM,slug+schedule_agree,1999-09-03,,https://www.bls.gov/news.release/history/empsit_09031999.txt,https://www.bls.gov/schedule/1999/home.htm,yes
EMPSIT,1999-09,1999-10-08,Fri,8:30 AM,slug+schedule_agree,1999-10-08,,https://www.bls.gov/news.release/history/empsit_10081999.txt,https://www.bls.gov/schedule/1999/home.htm,yes
EMPSIT,1999-10,1999-11-05,Fri,8:30 AM,slug+schedule_agree,1999-11-05,,https://www.bls.gov/news.release/history/empsit_11051999.txt,https://www.bls.gov/schedule/1999/home.htm,yes
EMPSIT,1999-11,1999-12-03,Fri,8:30 AM,slug+schedule_agree,1999-12-03,,https://www.bls.gov/news.release/history/empsit_12031999.txt,https://www.bls.gov/schedule/1999/home.htm,yes
EMPSIT,1999-12,2000-01-07,Fri,8:30 AM,document_verified,2000-01-07,,https://www.bls.gov/news.release/history/empsit_01192000.txt,https://www.bls.gov/schedule/2000/home.htm,no
EMPSIT,2000-01,2000-02-04,Fri,8:30 AM,slug+schedule_agree,2000-02-04,,https://www.bls.gov/news.release/history/empsit_02042000.txt,https://www.bls.gov/schedule/2000/home.htm,yes
EMPSIT,2000-02,2000-03-03,Fri,8:30 AM,slug+schedule_agree,2000-03-03,,https://www.bls.gov/news.release/history/empsit_03032000.txt,https://www.bls.gov/schedule/2000/home.htm,yes
EMPSIT,2000-03,2000-04-07,Fri,8:30 AM,slug+schedule_agree,2000-04-07,,https://www.bls.gov/news.release/history/empsit_04072000.txt,https://www.bls.gov/schedule/2000/home.htm,yes
EMPSIT,2000-04,2000-05-05,Fri,8:30 AM,slug+schedule_agree,2000-05-05,,https://www.bls.gov/news.release/history/empsit_05052000.txt,https://www.bls.gov/schedule/2000/home.htm,yes
EMPSIT,2000-05,2000-06-02,Fri,8:30 AM,slug+schedule_agree,2000-06-02,,https://www.bls.gov/news.release/history/empsit_06022000.txt,https://www.bls.gov/schedule/2000/home.htm,yes
EMPSIT,2000-06,2000-07-07,Fri,8:30 AM,slug+schedule_agree,2000-07-07,,https://www.bls.gov/news.release/history/empsit_07072000.txt,https://www.bls.gov/schedule/2000/home.htm,yes
EMPSIT,2000-07,2000-08-04,Fri,8:30 AM,slug+schedule_agree,2000-08-04,,https://www.bls.gov/news.release/history/empsit_08042000.txt,https://www.bls.gov/schedule/2000/home.htm,yes
EMPSIT,2000-08,2000-09-01,Fri,8:30 AM,slug+schedule_agree,2000-09-01,,https://www.bls.gov/news.release/history/empsit_09012000.txt,https://www.bls.gov/schedule/2000/home.htm,yes
EMPSIT,2000-09,2000-10-06,Fri,8:30 AM,slug+schedule_agree,2000-10-06,,https://www.bls.gov/news.release/history/empsit_10062000.txt,https://www.bls.gov/schedule/2000/home.htm,yes
EMPSIT,2000-10,2000-11-03,Fri,8:30 AM,slug+schedule_agree,2000-11-03,,https://www.bls.gov/news.release/history/empsit_11032000.txt,https://www.bls.gov/schedule/2000/home.htm,yes
EMPSIT,2000-11,2000-12-08,Fri,8:30 AM,slug+schedule_agree,2000-12-08,,https://www.bls.gov/news.release/history/empsit_12082000.txt,https://www.bls.gov/schedule/2000/home.htm,yes
EMPSIT,2000-12,2001-01-05,Fri,8:30 AM,slug+schedule_agree,2001-01-05,,https://www.bls.gov/news.release/history/empsit_01052001.txt,https://www.bls.gov/schedule/2001/home.htm,yes
EMPSIT,2001-01,2001-02-02,Fri,8:30 AM,slug+schedule_agree,2001-02-02,,https://www.bls.gov/news.release/history/empsit_02022001.txt,https://www.bls.gov/schedule/2001/home.htm,yes
EMPSIT,2001-02,2001-03-09,Fri,8:30 AM,slug+schedule_agree,2001-03-09,,https://www.bls.gov/news.release/history/empsit_03092001.txt,https://www.bls.gov/schedule/2001/home.htm,yes
EMPSIT,2001-03,2001-04-06,Fri,8:30 AM,slug+schedule_agree,2001-04-06,,https://www.bls.gov/news.release/history/empsit_04062001.txt,https://www.bls.gov/schedule/2001/home.htm,yes
EMPSIT,2001-04,2001-05-04,Fri,8:30 AM,slug+schedule_agree,2001-05-04,,https://www.bls.gov/news.release/history/empsit_05042001.txt,https://www.bls.gov/schedule/2001/home.htm,yes
EMPSIT,2001-05,2001-06-01,Fri,8:30 AM,slug+schedule_agree,2001-06-01,,https://www.bls.gov/news.release/history/empsit_06012001.txt,https://www.bls.gov/schedule/2001/home.htm,yes
EMPSIT,2001-06,2001-07-06,Fri,8:30 AM,slug+schedule_agree,2001-07-06,,https://www.bls.gov/news.release/history/empsit_07062001.txt,https://www.bls.gov/schedule/2001/home.htm,yes
EMPSIT,2001-07,2001-08-03,Fri,8:30 AM,slug+schedule_agree,2001-08-03,,https://www.bls.gov/news.release/history/empsit_08032001.txt,https://www.bls.gov/schedule/2001/home.htm,yes
EMPSIT,2001-08,2001-09-07,Fri,8:30 AM,slug+schedule_agree,2001-09-07,,https://www.bls.gov/news.release/history/empsit_09072001.txt,https://www.bls.gov/schedule/2001/home.htm,yes
EMPSIT,2001-09,2001-10-05,Fri,8:30 AM,slug+schedule_agree,2001-10-05,,https://www.bls.gov/news.release/history/empsit_10052001.txt,https://www.bls.gov/schedule/2001/home.htm,yes
EMPSIT,2001-10,2001-11-02,Fri,8:30 AM,slug+schedule_agree,2001-11-02,,https://www.bls.gov/news.release/history/empsit_11022001.txt,https://www.bls.gov/schedule/2001/home.htm,yes
EMPSIT,2001-11,2001-12-07,Fri,8:30 AM,slug+schedule_agree,2001-12-07,,https://www.bls.gov/news.release/history/empsit_12072001.txt,https://www.bls.gov/schedule/2001/home.htm,yes
EMPSIT,2001-12,2002-01-04,Fri,8:30 AM,slug+schedule_agree,2002-01-04,,https://www.bls.gov/news.release/history/empsit_01042002.txt,https://www.bls.gov/schedule/2002/home.htm,yes
EMPSIT,2002-01,2002-02-01,Fri,8:30 AM,slug+schedule_agree,2002-02-01,,https://www.bls.gov/news.release/history/empsit_02012002.txt,https://www.bls.gov/schedule/2002/home.htm,yes
EMPSIT,2002-02,2002-03-08,Fri,8:30 AM,slug+schedule_agree,2002-03-08,,https://www.bls.gov/news.release/history/empsit_03082002.txt,https://www.bls.gov/schedule/2002/home.htm,yes
EMPSIT,2002-03,2002-04-05,Fri,8:30 AM,slug+schedule_agree,2002-04-05,,https://www.bls.gov/news.release/history/empsit_04052002.txt,https://www.bls.gov/schedule/2002/home.htm,yes
EMPSIT,2002-04,2002-05-03,Fri,8:30 AM,slug+schedule_agree,2002-05-03,,https://www.bls.gov/news.release/history/empsit_05032002.txt,https://www.bls.gov/schedule/2002/home.htm,yes
EMPSIT,2002-05,2002-06-07,Fri,8:30 AM,slug+schedule_agree,2002-06-07,,https://www.bls.gov/news.release/history/empsit_06072002.txt,https://www.bls.gov/schedule/2002/home.htm,yes
EMPSIT,2002-06,2002-07-05,Fri,8:30 AM,slug+schedule_agree,2002-07-05,,https://www.bls.gov/news.release/archives/empsit_07052002.pdf,https://www.bls.gov/schedule/2002/home.htm,yes
EMPSIT,2002-07,2002-08-02,Fri,8:30 AM,slug+schedule_agree,2002-08-02,,https://www.bls.gov/news.release/archives/empsit_08022002.pdf,https://www.bls.gov/schedule/2002/home.htm,yes
EMPSIT,2002-08,2002-09-06,Fri,8:30 AM,slug+schedule_agree,2002-09-06,,https://www.bls.gov/news.release/archives/empsit_09062002.pdf,https://www.bls.gov/schedule/2002/home.htm,yes
EMPSIT,2002-09,2002-10-04,Fri,8:30 AM,slug+schedule_agree,2002-10-04,,https://www.bls.gov/news.release/archives/empsit_10042002.pdf,https://www.bls.gov/schedule/2002/home.htm,yes
EMPSIT,2002-10,2002-11-01,Fri,8:30 AM,slug+schedule_agree,2002-11-01,,https://www.bls.gov/news.release/archives/empsit_11012002.pdf,https://www.bls.gov/schedule/2002/home.htm,yes
EMPSIT,2002-11,2002-12-06,Fri,8:30 AM,slug+schedule_agree,2002-12-06,,https://www.bls.gov/news.release/archives/empsit_12062002.pdf,https://www.bls.gov/schedule/2002/home.htm,yes
EMPSIT,2002-12,2003-01-10,Fri,8:30 AM,slug+schedule_agree,2003-01-10,,https://www.bls.gov/news.release/archives/empsit_01102003.pdf,https://www.bls.gov/schedule/2003/home.htm,yes
EMPSIT,2003-01,2003-02-07,Fri,8:30 AM,slug+schedule_agree,2003-02-07,,https://www.bls.gov/news.release/archives/empsit_02072003.pdf,https://www.bls.gov/schedule/2003/home.htm,yes
EMPSIT,2003-02,2003-03-07,Fri,8:30 AM,slug+schedule_agree,2003-03-07,,https://www.bls.gov/news.release/archives/empsit_03072003.pdf,https://www.bls.gov/schedule/2003/home.htm,yes
EMPSIT,2003-03,2003-04-04,Fri,8:30 AM,slug+schedule_agree,2003-04-04,,https://www.bls.gov/news.release/archives/empsit_04042003.pdf,https://www.bls.gov/schedule/2003/home.htm,yes
EMPSIT,2003-04,2003-05-02,Fri,8:30 AM,slug+schedule_agree,2003-05-02,,https://www.bls.gov/news.release/archives/empsit_05022003.pdf,https://www.bls.gov/schedule/2003/home.htm,yes
EMPSIT,2003-05,2003-06-06,Fri,8:30 AM,slug+schedule_agree,2003-06-06,,https://www.bls.gov/news.release/archives/empsit_06062003.pdf,https://www.bls.gov/schedule/2003/home.htm,yes
EMPSIT,2003-06,2003-07-03,Thu,8:30 AM,slug+schedule_agree,2003-07-03,,https://www.bls.gov/news.release/archives/empsit_07032003.pdf,https://www.bls.gov/schedule/2003/home.htm,yes
EMPSIT,2003-07,2003-08-01,Fri,8:30 AM,slug+schedule_agree,2003-08-01,,https://www.bls.gov/news.release/archives/empsit_08012003.pdf,https://www.bls.gov/schedule/2003/home.htm,yes
EMPSIT,2003-08,2003-09-05,Fri,8:30 AM,slug+schedule_agree,2003-09-05,,https://www.bls.gov/news.release/archives/empsit_09052003.pdf,https://www.bls.gov/schedule/2003/home.htm,yes
EMPSIT,2003-09,2003-10-03,Fri,8:30 AM,slug+schedule_agree,2003-10-03,,https://www.bls.gov/news.release/archives/empsit_10032003.pdf,https://www.bls.gov/schedule/2003/home.htm,yes
EMPSIT,2003-10,2003-11-07,Fri,8:30 AM,slug+schedule_agree,2003-11-07,,https://www.bls.gov/news.release/archives/empsit_11072003.pdf,https://www.bls.gov/schedule/2003/home.htm,yes
EMPSIT,2003-11,2003-12-05,Fri,8:30 AM,slug+schedule_agree,2003-12-05,,https://www.bls.gov/news.release/archives/empsit_12052003.pdf,https://www.bls.gov/schedule/2003/home.htm,yes
EMPSIT,2003-12,2004-01-09,Fri,8:30 AM,slug+schedule_agree,2004-01-09,,https://www.bls.gov/news.release/archives/empsit_01092004.pdf,https://www.bls.gov/schedule/2004/home.htm,yes
EMPSIT,2004-01,2004-02-06,Fri,8:30 AM,slug+schedule_agree,2004-02-06,,https://www.bls.gov/news.release/archives/empsit_02062004.pdf,https://www.bls.gov/schedule/2004/home.htm,yes
EMPSIT,2004-02,2004-03-05,Fri,8:30 AM,slug+schedule_agree,2004-03-05,,https://www.bls.gov/news.release/archives/empsit_03052004.pdf,https://www.bls.gov/schedule/2004/home.htm,yes
EMPSIT,2004-03,2004-04-02,Fri,8:30 AM,slug+schedule_agree,2004-04-02,,https://www.bls.gov/news.release/archives/empsit_04022004.pdf,https://www.bls.gov/schedule/2004/home.htm,yes
EMPSIT,2004-04,2004-05-07,Fri,8:30 AM,slug+schedule_agree,2004-05-07,,https://www.bls.gov/news.release/archives/empsit_05072004.pdf,https://www.bls.gov/schedule/2004/home.htm,yes
EMPSIT,2004-05,2004-06-04,Fri,8:30 AM,slug+schedule_agree,2004-06-04,,https://www.bls.gov/news.release/archives/empsit_06042004.pdf,https://www.bls.gov/schedule/2004/home.htm,yes
EMPSIT,2004-06,2004-07-02,Fri,8:30 AM,slug+schedule_agree,2004-07-02,,https://www.bls.gov/news.release/archives/empsit_07022004.pdf,https://www.bls.gov/schedule/2004/home.htm,yes
EMPSIT,2004-07,2004-08-06,Fri,8:30 AM,slug+schedule_agree,2004-08-06,,https://www.bls.gov/news.release/archives/empsit_08062004.pdf,https://www.bls.gov/schedule/2004/home.htm,yes
EMPSIT,2004-08,2004-09-03,Fri,8:30 AM,slug+schedule_agree,2004-09-03,,https://www.bls.gov/news.release/archives/empsit_09032004.pdf,https://www.bls.gov/schedule/2004/home.htm,yes
EMPSIT,2004-09,2004-10-08,Fri,8:30 AM,slug+schedule_agree,2004-10-08,,https://www.bls.gov/news.release/archives/empsit_10082004.pdf,https://www.bls.gov/schedule/2004/home.htm,yes
EMPSIT,2004-10,2004-11-05,Fri,8:30 AM,slug+schedule_agree,2004-11-05,,https://www.bls.gov/news.release/archives/empsit_11052004.pdf,https://www.bls.gov/schedule/2004/home.htm,yes
EMPSIT,2004-11,2004-12-03,Fri,8:30 AM,slug+schedule_agree,2004-12-03,,https://www.bls.gov/news.release/archives/empsit_12032004.pdf,https://www.bls.gov/schedule/2004/home.htm,yes
EMPSIT,2004-12,2005-01-07,Fri,8:30 AM,slug+schedule_agree,2005-01-07,,https://www.bls.gov/news.release/archives/empsit_01072005.pdf,https://www.bls.gov/schedule/2005/home.htm,yes
EMPSIT,2005-01,2005-02-04,Fri,8:30 AM,slug+schedule_agree,2005-02-04,,https://www.bls.gov/news.release/archives/empsit_02042005.pdf,https://www.bls.gov/schedule/2005/home.htm,yes
EMPSIT,2005-02,2005-03-04,Fri,8:30 AM,slug+schedule_agree,2005-03-04,,https://www.bls.gov/news.release/archives/empsit_03042005.pdf,https://www.bls.gov/schedule/2005/home.htm,yes
EMPSIT,2005-03,2005-04-01,Fri,8:30 AM,slug+schedule_agree,2005-04-01,,https://www.bls.gov/news.release/archives/empsit_04012005.pdf,https://www.bls.gov/schedule/2005/home.htm,yes
EMPSIT,2005-04,2005-05-06,Fri,8:30 AM,slug+schedule_agree,2005-05-06,,https://www.bls.gov/news.release/archives/empsit_05062005.pdf,https://www.bls.gov/schedule/2005/home.htm,yes
EMPSIT,2005-05,2005-06-03,Fri,8:30 AM,slug+schedule_agree,2005-06-03,,https://www.bls.gov/news.release/archives/empsit_06032005.pdf,https://www.bls.gov/schedule/2005/home.htm,yes
EMPSIT,2005-06,2005-07-08,Fri,8:30 AM,slug+schedule_agree,2005-07-08,,https://www.bls.gov/news.release/archives/empsit_07082005.pdf,https://www.bls.gov/schedule/2005/home.htm,yes
EMPSIT,2005-07,2005-08-05,Fri,8:30 AM,slug+schedule_agree,2005-08-05,,https://www.bls.gov/news.release/archives/empsit_08052005.pdf,https://www.bls.gov/schedule/2005/home.htm,yes
EMPSIT,2005-08,2005-09-02,Fri,8:30 AM,slug+schedule_agree,2005-09-02,,https://www.bls.gov/news.release/archives/empsit_09022005.pdf,https://www.bls.gov/schedule/2005/home.htm,yes
EMPSIT,2005-09,2005-10-07,Fri,8:30 AM,slug+schedule_agree,2005-10-07,,https://www.bls.gov/news.release/archives/empsit_10072005.pdf,https://www.bls.gov/schedule/2005/home.htm,yes
EMPSIT,2005-10,2005-11-04,Fri,8:30 AM,slug+schedule_agree,2005-11-04,,https://www.bls.gov/news.release/archives/empsit_11042005.pdf,https://www.bls.gov/schedule/2005/home.htm,yes
EMPSIT,2005-11,2005-12-02,Fri,8:30 AM,slug+schedule_agree,2005-12-02,,https://www.bls.gov/news.release/archives/empsit_12022005.pdf,https://www.bls.gov/schedule/2005/home.htm,yes
EMPSIT,2005-12,2006-01-06,Fri,8:30 AM,slug+schedule_agree,2006-01-06,,https://www.bls.gov/news.release/archives/empsit_01062006.pdf,https://www.bls.gov/schedule/2006/home.htm,yes
EMPSIT,2006-01,2006-02-03,Fri,8:30 AM,slug+schedule_agree,2006-02-03,,https://www.bls.gov/news.release/archives/empsit_02032006.pdf,https://www.bls.gov/schedule/2006/home.htm,yes
EMPSIT,2006-02,2006-03-10,Fri,8:30 AM,slug+schedule_agree,2006-03-10,,https://www.bls.gov/news.release/archives/empsit_03102006.pdf,https://www.bls.gov/schedule/2006/home.htm,yes
EMPSIT,2006-03,2006-04-07,Fri,8:30 AM,slug+schedule_agree,2006-04-07,,https://www.bls.gov/news.release/archives/empsit_04072006.pdf,https://www.bls.gov/schedule/2006/home.htm,yes
EMPSIT,2006-04,2006-05-05,Fri,8:30 AM,slug+schedule_agree,2006-05-05,,https://www.bls.gov/news.release/archives/empsit_05052006.pdf,https://www.bls.gov/schedule/2006/home.htm,yes
EMPSIT,2006-05,2006-06-02,Fri,8:30 AM,slug+schedule_agree,2006-06-02,,https://www.bls.gov/news.release/archives/empsit_06022006.pdf,https://www.bls.gov/schedule/2006/home.htm,yes
EMPSIT,2006-06,2006-07-07,Fri,8:30 AM,slug+schedule_agree,2006-07-07,,https://www.bls.gov/news.release/archives/empsit_07072006.pdf,https://www.bls.gov/schedule/2006/home.htm,yes
EMPSIT,2006-07,2006-08-04,Fri,8:30 AM,slug+schedule_agree,2006-08-04,,https://www.bls.gov/news.release/archives/empsit_08042006.pdf,https://www.bls.gov/schedule/2006/home.htm,yes
EMPSIT,2006-08,2006-09-01,Fri,8:30 AM,slug+schedule_agree,2006-09-01,,https://www.bls.gov/news.release/archives/empsit_09012006.pdf,https://www.bls.gov/schedule/2006/home.htm,yes
EMPSIT,2006-09,2006-10-06,Fri,8:30 AM,slug+schedule_agree,2006-10-06,,https://www.bls.gov/news.release/archives/empsit_10062006.pdf,https://www.bls.gov/schedule/2006/home.htm,yes
EMPSIT,2006-10,2006-11-03,Fri,8:30 AM,slug+schedule_agree,2006-11-03,,https://www.bls.gov/news.release/archives/empsit_11032006.pdf,https://www.bls.gov/schedule/2006/home.htm,yes
EMPSIT,2006-11,2006-12-08,Fri,8:30 AM,slug+schedule_agree,2006-12-08,,https://www.bls.gov/news.release/archives/empsit_12082006.pdf,https://www.bls.gov/schedule/2006/home.htm,yes
EMPSIT,2006-12,2007-01-05,Fri,8:30 AM,slug+schedule_agree,2007-01-05,,https://www.bls.gov/news.release/archives/empsit_01052007.pdf,https://www.bls.gov/schedule/2007/home.htm,yes
EMPSIT,2007-01,2007-02-02,Fri,8:30 AM,slug+schedule_agree,2007-02-02,,https://www.bls.gov/news.release/archives/empsit_02022007.pdf,https://www.bls.gov/schedule/2007/home.htm,yes
EMPSIT,2007-02,2007-03-09,Fri,8:30 AM,slug+schedule_agree,2007-03-09,,https://www.bls.gov/news.release/archives/empsit_03092007.pdf,https://www.bls.gov/schedule/2007/home.htm,yes
EMPSIT,2007-03,2007-04-06,Fri,8:30 AM,slug+schedule_agree,2007-04-06,,https://www.bls.gov/news.release/archives/empsit_04062007.pdf,https://www.bls.gov/schedule/2007/home.htm,yes
EMPSIT,2007-04,2007-05-04,Fri,8:30 AM,slug+schedule_agree,2007-05-04,,https://www.bls.gov/news.release/archives/empsit_05042007.pdf,https://www.bls.gov/schedule/2007/home.htm,yes
EMPSIT,2007-05,2007-06-01,Fri,8:30 AM,slug+schedule_agree,2007-06-01,,https://www.bls.gov/news.release/archives/empsit_06012007.pdf,https://www.bls.gov/schedule/2007/home.htm,yes
EMPSIT,2007-06,2007-07-06,Fri,8:30 AM,slug+schedule_agree,2007-07-06,,https://www.bls.gov/news.release/archives/empsit_07062007.pdf,https://www.bls.gov/schedule/2007/home.htm,yes
EMPSIT,2007-07,2007-08-03,Fri,8:30 AM,slug+schedule_agree,2007-08-03,,https://www.bls.gov/news.release/archives/empsit_08032007.pdf,https://www.bls.gov/schedule/2007/home.htm,yes
EMPSIT,2007-08,2007-09-07,Fri,8:30 AM,slug+schedule_agree,2007-09-07,,https://www.bls.gov/news.release/archives/empsit_09072007.pdf,https://www.bls.gov/schedule/2007/home.htm,yes
EMPSIT,2007-09,2007-10-05,Fri,8:30 AM,slug+schedule_agree,2007-10-05,,https://www.bls.gov/news.release/archives/empsit_10052007.pdf,https://www.bls.gov/schedule/2007/home.htm,yes
EMPSIT,2007-10,2007-11-02,Fri,8:30 AM,slug+schedule_agree,2007-11-02,,https://www.bls.gov/news.release/archives/empsit_11022007.pdf,https://www.bls.gov/schedule/2007/home.htm,yes
EMPSIT,2007-11,2007-12-07,Fri,8:30 AM,slug+schedule_agree,2007-12-07,,https://www.bls.gov/news.release/archives/empsit_12072007.pdf,https://www.bls.gov/schedule/2007/home.htm,yes
EMPSIT,2007-12,2008-01-04,Fri,8:30 AM,slug+schedule_agree,2008-01-04,,https://www.bls.gov/news.release/archives/empsit_01042008.pdf,https://www.bls.gov/schedule/2008/home.htm,yes
EMPSIT,2008-01,2008-02-01,Fri,8:30 AM,slug+schedule_agree,2008-02-01,,https://www.bls.gov/news.release/archives/empsit_02012008.pdf,https://www.bls.gov/schedule/2008/home.htm,yes
EMPSIT,2008-02,2008-03-07,Fri,8:30 AM,slug+schedule_agree,2008-03-07,,https://www.bls.gov/news.release/archives/empsit_03072008.pdf,https://www.bls.gov/schedule/2008/home.htm,yes
EMPSIT,2008-03,2008-04-04,Fri,8:30 AM,slug+schedule_agree,2008-04-04,,https://www.bls.gov/news.release/archives/empsit_04042008.pdf,https://www.bls.gov/schedule/2008/home.htm,yes
EMPSIT,2008-04,2008-05-02,Fri,8:30 AM,slug+schedule_agree,2008-05-02,,https://www.bls.gov/news.release/archives/empsit_05022008.pdf,https://www.bls.gov/schedule/2008/home.htm,yes
EMPSIT,2008-05,2008-06-06,Fri,8:30 AM,slug+schedule_agree,2008-06-06,,https://www.bls.gov/news.release/archives/empsit_06062008.pdf,https://www.bls.gov/schedule/2008/home.htm,yes
EMPSIT,2008-06,2008-07-03,Thu,8:30 AM,slug+schedule_agree,2008-07-03,,https://www.bls.gov/news.release/archives/empsit_07032008.pdf,https://www.bls.gov/schedule/2008/home.htm,yes
EMPSIT,2008-07,2008-08-01,Fri,8:30 AM,slug+schedule_agree,2008-08-01,,https://www.bls.gov/news.release/archives/empsit_08012008.pdf,https://www.bls.gov/schedule/2008/home.htm,yes
EMPSIT,2008-08,2008-09-05,Fri,8:30 AM,slug+schedule_agree,2008-09-05,,https://www.bls.gov/news.release/archives/empsit_09052008.pdf,https://www.bls.gov/schedule/2008/home.htm,yes
EMPSIT,2008-09,2008-10-03,Fri,8:30 AM,slug+schedule_agree,2008-10-03,,https://www.bls.gov/news.release/archives/empsit_10032008.pdf,https://www.bls.gov/schedule/2008/home.htm,yes
EMPSIT,2008-10,2008-11-07,Fri,8:30 AM,slug+schedule_agree,2008-11-07,,https://www.bls.gov/news.release/archives/empsit_11072008.pdf,https://www.bls.gov/schedule/2008/home.htm,yes
EMPSIT,2008-11,2008-12-05,Fri,8:30 AM,slug+schedule_agree,2008-12-05,,https://www.bls.gov/news.release/archives/empsit_12052008.pdf,https://www.bls.gov/schedule/2008/home.htm,yes
EMPSIT,2008-12,2009-01-09,Fri,8:30 AM,slug+schedule_agree,2009-01-09,,https://www.bls.gov/news.release/archives/empsit_01092009.pdf,https://www.bls.gov/schedule/2009/home.htm,yes
EMPSIT,2009-01,2009-02-06,Fri,8:30 AM,slug+schedule_agree,2009-02-06,,https://www.bls.gov/news.release/archives/empsit_02062009.pdf,https://www.bls.gov/schedule/2009/home.htm,yes
EMPSIT,2009-02,2009-03-06,Fri,8:30 AM,slug+schedule_agree,2009-03-06,,https://www.bls.gov/news.release/archives/empsit_03062009.pdf,https://www.bls.gov/schedule/2009/home.htm,yes
EMPSIT,2009-03,2009-04-03,Fri,8:30 AM,slug+schedule_agree,2009-04-03,,https://www.bls.gov/news.release/archives/empsit_04032009.pdf,https://www.bls.gov/schedule/2009/home.htm,yes
EMPSIT,2009-04,2009-05-08,Fri,8:30 AM,slug+schedule_agree,2009-05-08,,https://www.bls.gov/news.release/archives/empsit_05082009.pdf,https://www.bls.gov/schedule/2009/home.htm,yes
EMPSIT,2009-05,2009-06-05,Fri,8:30 AM,slug+schedule_agree,2009-06-05,,https://www.bls.gov/news.release/archives/empsit_06052009.pdf,https://www.bls.gov/schedule/2009/home.htm,yes
EMPSIT,2009-06,2009-07-02,Thu,8:30 AM,slug+schedule_agree,2009-07-02,,https://www.bls.gov/news.release/archives/empsit_07022009.pdf,https://www.bls.gov/schedule/2009/home.htm,yes
EMPSIT,2009-07,2009-08-07,Fri,8:30 AM,slug+schedule_agree,2009-08-07,,https://www.bls.gov/news.release/archives/empsit_08072009.pdf,https://www.bls.gov/schedule/2009/home.htm,yes
EMPSIT,2009-08,2009-09-04,Fri,8:30 AM,slug+schedule_agree,2009-09-04,,https://www.bls.gov/news.release/archives/empsit_09042009.pdf,https://www.bls.gov/schedule/2009/home.htm,yes
EMPSIT,2009-09,2009-10-02,Fri,8:30 AM,slug+schedule_agree,2009-10-02,,https://www.bls.gov/news.release/archives/empsit_10022009.pdf,https://www.bls.gov/schedule/2009/home.htm,yes
EMPSIT,2009-10,2009-11-06,Fri,8:30 AM,slug+schedule_agree,2009-11-06,,https://www.bls.gov/news.release/archives/empsit_11062009.pdf,https://www.bls.gov/schedule/2009/home.htm,yes
EMPSIT,2009-11,2009-12-04,Fri,8:30 AM,slug+schedule_agree,2009-12-04,,https://www.bls.gov/news.release/archives/empsit_12042009.pdf,https://www.bls.gov/schedule/2009/home.htm,yes
EMPSIT,2009-12,2010-01-08,Fri,8:30 AM,slug+schedule_agree,2010-01-08,,https://www.bls.gov/news.release/archives/empsit_01082010.pdf,https://www.bls.gov/schedule/2010/home.htm,yes
EMPSIT,2010-01,2010-02-05,Fri,8:30 AM,slug+schedule_agree,2010-02-05,,https://www.bls.gov/news.release/archives/empsit_02052010.pdf,https://www.bls.gov/schedule/2010/home.htm,yes
EMPSIT,2010-02,2010-03-05,Fri,8:30 AM,slug+schedule_agree,2010-03-05,,https://www.bls.gov/news.release/archives/empsit_03052010.pdf,https://www.bls.gov/schedule/2010/home.htm,yes
EMPSIT,2010-03,2010-04-02,Fri,8:30 AM,slug+schedule_agree,2010-04-02,,https://www.bls.gov/news.release/archives/empsit_04022010.pdf,https://www.bls.gov/schedule/2010/home.htm,yes
EMPSIT,2010-04,2010-05-07,Fri,8:30 AM,slug+schedule_agree,2010-05-07,,https://www.bls.gov/news.release/archives/empsit_05072010.pdf,https://www.bls.gov/schedule/2010/home.htm,yes
EMPSIT,2010-05,2010-06-04,Fri,8:30 AM,slug+schedule_agree,2010-06-04,,https://www.bls.gov/news.release/archives/empsit_06042010.pdf,https://www.bls.gov/schedule/2010/home.htm,yes
EMPSIT,2010-06,2010-07-02,Fri,8:30 AM,slug+schedule_agree,2010-07-02,,https://www.bls.gov/news.release/archives/empsit_07022010.pdf,https://www.bls.gov/schedule/2010/home.htm,yes
EMPSIT,2010-07,2010-08-06,Fri,8:30 AM,slug+schedule_agree,2010-08-06,,https://www.bls.gov/news.release/archives/empsit_08062010.pdf,https://www.bls.gov/schedule/2010/home.htm,yes
EMPSIT,2010-08,2010-09-03,Fri,8:30 AM,slug+schedule_agree,2010-09-03,,https://www.bls.gov/news.release/archives/empsit_09032010.pdf,https://www.bls.gov/schedule/2010/home.htm,yes
EMPSIT,2010-09,2010-10-08,Fri,8:30 AM,slug+schedule_agree,2010-10-08,,https://www.bls.gov/news.release/archives/empsit_10082010.pdf,https://www.bls.gov/schedule/2010/home.htm,yes
EMPSIT,2010-10,2010-11-05,Fri,8:30 AM,slug+schedule_agree,2010-11-05,,https://www.bls.gov/news.release/archives/empsit_11052010.pdf,https://www.bls.gov/schedule/2010/home.htm,yes
EMPSIT,2010-11,2010-12-03,Fri,8:30 AM,slug+schedule_agree,2010-12-03,,https://www.bls.gov/news.release/archives/empsit_12032010.pdf,https://www.bls.gov/schedule/2010/home.htm,yes
EMPSIT,2010-12,2011-01-07,Fri,8:30 AM,slug+schedule_agree,2011-01-07,,https://www.bls.gov/news.release/archives/empsit_01072011.pdf,https://www.bls.gov/schedule/2011/home.htm,yes
EMPSIT,2011-01,2011-02-04,Fri,8:30 AM,slug+schedule_agree,2011-02-04,,https://www.bls.gov/news.release/archives/empsit_02042011.pdf,https://www.bls.gov/schedule/2011/home.htm,yes
EMPSIT,2011-02,2011-03-04,Fri,8:30 AM,slug+schedule_agree,2011-03-04,,https://www.bls.gov/news.release/archives/empsit_03042011.pdf,https://www.bls.gov/schedule/2011/home.htm,yes
EMPSIT,2011-03,2011-04-01,Fri,8:30 AM,slug+schedule_agree,2011-04-01,,https://www.bls.gov/news.release/archives/empsit_04012011.pdf,https://www.bls.gov/schedule/2011/home.htm,yes
EMPSIT,2011-04,2011-05-06,Fri,8:30 AM,slug+schedule_agree,2011-05-06,,https://www.bls.gov/news.release/archives/empsit_05062011.pdf,https://www.bls.gov/schedule/2011/home.htm,yes
EMPSIT,2011-05,2011-06-03,Fri,8:30 AM,slug+schedule_agree,2011-06-03,,https://www.bls.gov/news.release/archives/empsit_06032011.pdf,https://www.bls.gov/schedule/2011/home.htm,yes
EMPSIT,2011-06,2011-07-08,Fri,8:30 AM,slug+schedule_agree,2011-07-08,,https://www.bls.gov/news.release/archives/empsit_07082011.pdf,https://www.bls.gov/schedule/2011/home.htm,yes
EMPSIT,2011-07,2011-08-05,Fri,8:30 AM,slug+schedule_agree,2011-08-05,,https://www.bls.gov/news.release/archives/empsit_08052011.pdf,https://www.bls.gov/schedule/2011/home.htm,yes
EMPSIT,2011-08,2011-09-02,Fri,8:30 AM,slug+schedule_agree,2011-09-02,,https://www.bls.gov/news.release/archives/empsit_09022011.pdf,https://www.bls.gov/schedule/2011/home.htm,yes
EMPSIT,2011-09,2011-10-07,Fri,8:30 AM,slug+schedule_agree,2011-10-07,,https://www.bls.gov/news.release/archives/empsit_10072011.pdf,https://www.bls.gov/schedule/2011/home.htm,yes
EMPSIT,2011-10,2011-11-04,Fri,8:30 AM,slug+schedule_agree,2011-11-04,,https://www.bls.gov/news.release/archives/empsit_11042011.pdf,https://www.bls.gov/schedule/2011/home.htm,yes
EMPSIT,2011-11,2011-12-02,Fri,8:30 AM,slug+schedule_agree,2011-12-02,,https://www.bls.gov/news.release/archives/empsit_12022011.pdf,https://www.bls.gov/schedule/2011/home.htm,yes
EMPSIT,2011-12,2012-01-06,Fri,8:30 AM,slug+schedule_agree,2012-01-06,,https://www.bls.gov/news.release/archives/empsit_01062012.pdf,https://www.bls.gov/schedule/2012/home.htm,yes
EMPSIT,2012-01,2012-02-03,Fri,8:30 AM,slug+schedule_agree,2012-02-03,,https://www.bls.gov/news.release/archives/empsit_02032012.pdf,https://www.bls.gov/schedule/2012/home.htm,yes
EMPSIT,2012-02,2012-03-09,Fri,8:30 AM,slug+schedule_agree,2012-03-09,,https://www.bls.gov/news.release/archives/empsit_03092012.pdf,https://www.bls.gov/schedule/2012/home.htm,yes
EMPSIT,2012-03,2012-04-06,Fri,8:30 AM,slug+schedule_agree,2012-04-06,,https://www.bls.gov/news.release/archives/empsit_04062012.pdf,https://www.bls.gov/schedule/2012/home.htm,yes
EMPSIT,2012-04,2012-05-04,Fri,8:30 AM,slug+schedule_agree,2012-05-04,,https://www.bls.gov/news.release/archives/empsit_05042012.pdf,https://www.bls.gov/schedule/2012/home.htm,yes
EMPSIT,2012-05,2012-06-01,Fri,8:30 AM,slug+schedule_agree,2012-06-01,,https://www.bls.gov/news.release/archives/empsit_06012012.pdf,https://www.bls.gov/schedule/2012/home.htm,yes
EMPSIT,2012-06,2012-07-06,Fri,8:30 AM,slug+schedule_agree,2012-07-06,,https://www.bls.gov/news.release/archives/empsit_07062012.pdf,https://www.bls.gov/schedule/2012/home.htm,yes
EMPSIT,2012-07,2012-08-03,Fri,8:30 AM,slug+schedule_agree,2012-08-03,,https://www.bls.gov/news.release/archives/empsit_08032012.pdf,https://www.bls.gov/schedule/2012/home.htm,yes
EMPSIT,2012-08,2012-09-07,Fri,8:30 AM,slug+schedule_agree,2012-09-07,,https://www.bls.gov/news.release/archives/empsit_09072012.pdf,https://www.bls.gov/schedule/2012/home.htm,yes
EMPSIT,2012-09,2012-10-05,Fri,8:30 AM,slug+schedule_agree,2012-10-05,,https://www.bls.gov/news.release/archives/empsit_10052012.pdf,https://www.bls.gov/schedule/2012/home.htm,yes
EMPSIT,2012-10,2012-11-02,Fri,8:30 AM,slug+schedule_agree,2012-11-02,,https://www.bls.gov/news.release/archives/empsit_11022012.pdf,https://www.bls.gov/schedule/2012/home.htm,yes
EMPSIT,2012-11,2012-12-07,Fri,8:30 AM,slug+schedule_agree,2012-12-07,,https://www.bls.gov/news.release/archives/empsit_12072012.pdf,https://www.bls.gov/schedule/2012/home.htm,yes
EMPSIT,2012-12,2013-01-04,Fri,8:30 AM,slug+schedule_agree,2013-01-04,,https://www.bls.gov/news.release/archives/empsit_01042013.pdf,https://www.bls.gov/schedule/2013/home.htm,yes
EMPSIT,2013-01,2013-02-01,Fri,8:30 AM,slug+schedule_agree,2013-02-01,,https://www.bls.gov/news.release/archives/empsit_02012013.pdf,https://www.bls.gov/schedule/2013/home.htm,yes
EMPSIT,2013-02,2013-03-08,Fri,8:30 AM,slug+schedule_agree,2013-03-08,,https://www.bls.gov/news.release/archives/empsit_03082013.pdf,https://www.bls.gov/schedule/2013/home.htm,yes
EMPSIT,2013-03,2013-04-05,Fri,8:30 AM,slug+schedule_agree,2013-04-05,,https://www.bls.gov/news.release/archives/empsit_04052013.pdf,https://www.bls.gov/schedule/2013/home.htm,yes
EMPSIT,2013-04,2013-05-03,Fri,8:30 AM,slug+schedule_agree,2013-05-03,,https://www.bls.gov/news.release/archives/empsit_05032013.pdf,https://www.bls.gov/schedule/2013/home.htm,yes
EMPSIT,2013-05,2013-06-07,Fri,8:30 AM,slug+schedule_agree,2013-06-07,,https://www.bls.gov/news.release/archives/empsit_06072013.pdf,https://www.bls.gov/schedule/2013/home.htm,yes
EMPSIT,2013-06,2013-07-05,Fri,8:30 AM,slug+schedule_agree,2013-07-05,,https://www.bls.gov/news.release/archives/empsit_07052013.pdf,https://www.bls.gov/schedule/2013/home.htm,yes
EMPSIT,2013-07,2013-08-02,Fri,8:30 AM,slug+schedule_agree,2013-08-02,,https://www.bls.gov/news.release/archives/empsit_08022013.pdf,https://www.bls.gov/schedule/2013/home.htm,yes
EMPSIT,2013-08,2013-09-06,Fri,8:30 AM,slug+schedule_agree,2013-09-06,,https://www.bls.gov/news.release/archives/empsit_09062013.pdf,https://www.bls.gov/schedule/2013/home.htm,yes
EMPSIT,2013-09,2013-10-22,Tue,8:30 AM,slug+schedule_agree,2013-10-22,,https://www.bls.gov/news.release/archives/empsit_10222013.pdf,https://www.bls.gov/schedule/2013/home.htm,yes
EMPSIT,2013-10,2013-11-08,Fri,8:30 AM,slug+schedule_agree,2013-11-08,,https://www.bls.gov/news.release/archives/empsit_11082013.pdf,https://www.bls.gov/schedule/2013/home.htm,yes
EMPSIT,2013-11,2013-12-06,Fri,8:30 AM,slug+schedule_agree,2013-12-06,,https://www.bls.gov/news.release/archives/empsit_12062013.pdf,https://www.bls.gov/schedule/2013/home.htm,yes
EMPSIT,2013-12,2014-01-10,Fri,8:30 AM,slug+schedule_agree,2014-01-10,,https://www.bls.gov/news.release/archives/empsit_01102014.pdf,https://www.bls.gov/schedule/2014/home.htm,yes
EMPSIT,2014-01,2014-02-07,Fri,8:30 AM,slug+schedule_agree,2014-02-07,,https://www.bls.gov/news.release/archives/empsit_02072014.pdf,https://www.bls.gov/schedule/2014/home.htm,yes
EMPSIT,2014-02,2014-03-07,Fri,8:30 AM,slug+schedule_agree,2014-03-07,,https://www.bls.gov/news.release/archives/empsit_03072014.pdf,https://www.bls.gov/schedule/2014/home.htm,yes
EMPSIT,2014-03,2014-04-04,Fri,8:30 AM,slug+schedule_agree,2014-04-04,,https://www.bls.gov/news.release/archives/empsit_04042014.pdf,https://www.bls.gov/schedule/2014/home.htm,yes
EMPSIT,2014-04,2014-05-02,Fri,8:30 AM,slug+schedule_agree,2014-05-02,,https://www.bls.gov/news.release/archives/empsit_05022014.pdf,https://www.bls.gov/schedule/2014/home.htm,yes
EMPSIT,2014-05,2014-06-06,Fri,8:30 AM,slug+schedule_agree,2014-06-06,,https://www.bls.gov/news.release/archives/empsit_06062014.pdf,https://www.bls.gov/schedule/2014/home.htm,yes
EMPSIT,2014-06,2014-07-03,Thu,8:30 AM,slug+schedule_agree,2014-07-03,,https://www.bls.gov/news.release/archives/empsit_07032014.pdf,https://www.bls.gov/schedule/2014/home.htm,yes
EMPSIT,2014-07,2014-08-01,Fri,8:30 AM,slug+schedule_agree,2014-08-01,,https://www.bls.gov/news.release/archives/empsit_08012014.pdf,https://www.bls.gov/schedule/2014/home.htm,yes
EMPSIT,2014-08,2014-09-05,Fri,8:30 AM,slug+schedule_agree,2014-09-05,,https://www.bls.gov/news.release/archives/empsit_09052014.pdf,https://www.bls.gov/schedule/2014/home.htm,yes
EMPSIT,2014-09,2014-10-03,Fri,8:30 AM,slug+schedule_agree,2014-10-03,,https://www.bls.gov/news.release/archives/empsit_10032014.pdf,https://www.bls.gov/schedule/2014/home.htm,yes
EMPSIT,2014-10,2014-11-07,Fri,8:30 AM,slug+schedule_agree,2014-11-07,,https://www.bls.gov/news.release/archives/empsit_11072014.pdf,https://www.bls.gov/schedule/2014/home.htm,yes
EMPSIT,2014-11,2014-12-05,Fri,8:30 AM,slug+schedule_agree,2014-12-05,,https://www.bls.gov/news.release/archives/empsit_12052014.pdf,https://www.bls.gov/schedule/2014/home.htm,yes
EMPSIT,2014-12,2015-01-09,Fri,8:30 AM,slug+schedule_agree,2015-01-09,,https://www.bls.gov/news.release/archives/empsit_01092015.pdf,https://www.bls.gov/schedule/2015/home.htm,yes
EMPSIT,2015-01,2015-02-06,Fri,8:30 AM,slug+schedule_agree,2015-02-06,,https://www.bls.gov/news.release/archives/empsit_02062015.pdf,https://www.bls.gov/schedule/2015/home.htm,yes
EMPSIT,2015-02,2015-03-06,Fri,8:30 AM,slug+schedule_agree,2015-03-06,,https://www.bls.gov/news.release/archives/empsit_03062015.pdf,https://www.bls.gov/schedule/2015/home.htm,yes
EMPSIT,2015-03,2015-04-03,Fri,8:30 AM,slug+schedule_agree,2015-04-03,,https://www.bls.gov/news.release/archives/empsit_04032015.pdf,https://www.bls.gov/schedule/2015/home.htm,yes
EMPSIT,2015-04,2015-05-08,Fri,8:30 AM,slug+schedule_agree,2015-05-08,,https://www.bls.gov/news.release/archives/empsit_05082015.pdf,https://www.bls.gov/schedule/2015/home.htm,yes
EMPSIT,2015-05,2015-06-05,Fri,8:30 AM,slug+schedule_agree,2015-06-05,,https://www.bls.gov/news.release/archives/empsit_06052015.pdf,https://www.bls.gov/schedule/2015/home.htm,yes
EMPSIT,2015-06,2015-07-02,Thu,8:30 AM,slug+schedule_agree,2015-07-02,,https://www.bls.gov/news.release/archives/empsit_07022015.pdf,https://www.bls.gov/schedule/2015/home.htm,yes
EMPSIT,2015-07,2015-08-07,Fri,8:30 AM,slug+schedule_agree,2015-08-07,,https://www.bls.gov/news.release/archives/empsit_08072015.pdf,https://www.bls.gov/schedule/2015/home.htm,yes
EMPSIT,2015-08,2015-09-04,Fri,8:30 AM,slug+schedule_agree,2015-09-04,,https://www.bls.gov/news.release/archives/empsit_09042015.pdf,https://www.bls.gov/schedule/2015/home.htm,yes
EMPSIT,2015-09,2015-10-02,Fri,8:30 AM,slug+schedule_agree,2015-10-02,,https://www.bls.gov/news.release/archives/empsit_10022015.pdf,https://www.bls.gov/schedule/2015/home.htm,yes
EMPSIT,2015-10,2015-11-06,Fri,8:30 AM,slug+schedule_agree,2015-11-06,,https://www.bls.gov/news.release/archives/empsit_11062015.pdf,https://www.bls.gov/schedule/2015/home.htm,yes
EMPSIT,2015-11,2015-12-04,Fri,8:30 AM,slug+schedule_agree,2015-12-04,,https://www.bls.gov/news.release/archives/empsit_12042015.pdf,https://www.bls.gov/schedule/2015/home.htm,yes
EMPSIT,2015-12,2016-01-08,Fri,8:30 AM,slug+schedule_agree,2016-01-08,,https://www.bls.gov/news.release/archives/empsit_01082016.pdf,https://www.bls.gov/schedule/2016/home.htm,yes
EMPSIT,2016-01,2016-02-05,Fri,8:30 AM,slug+schedule_agree,2016-02-05,,https://www.bls.gov/news.release/archives/empsit_02052016.pdf,https://www.bls.gov/schedule/2016/home.htm,yes
EMPSIT,2016-02,2016-03-04,Fri,8:30 AM,slug+schedule_agree,2016-03-04,,https://www.bls.gov/news.release/archives/empsit_03042016.pdf,https://www.bls.gov/schedule/2016/home.htm,yes
EMPSIT,2016-03,2016-04-01,Fri,8:30 AM,slug+schedule_agree,2016-04-01,,https://www.bls.gov/news.release/archives/empsit_04012016.pdf,https://www.bls.gov/schedule/2016/home.htm,yes
EMPSIT,2016-04,2016-05-06,Fri,8:30 AM,slug+schedule_agree,2016-05-06,,https://www.bls.gov/news.release/archives/empsit_05062016.pdf,https://www.bls.gov/schedule/2016/home.htm,yes
EMPSIT,2016-05,2016-06-03,Fri,8:30 AM,slug+schedule_agree,2016-06-03,,https://www.bls.gov/news.release/archives/empsit_06032016.pdf,https://www.bls.gov/schedule/2016/home.htm,yes
EMPSIT,2016-06,2016-07-08,Fri,8:30 AM,slug+schedule_agree,2016-07-08,,https://www.bls.gov/news.release/archives/empsit_07082016.pdf,https://www.bls.gov/schedule/2016/home.htm,yes
EMPSIT,2016-07,2016-08-05,Fri,8:30 AM,slug+schedule_agree,2016-08-05,,https://www.bls.gov/news.release/archives/empsit_08052016.pdf,https://www.bls.gov/schedule/2016/home.htm,yes
EMPSIT,2016-08,2016-09-02,Fri,8:30 AM,slug+schedule_agree,2016-09-02,,https://www.bls.gov/news.release/archives/empsit_09022016.pdf,https://www.bls.gov/schedule/2016/home.htm,yes
EMPSIT,2016-09,2016-10-07,Fri,8:30 AM,slug+schedule_agree,2016-10-07,,https://www.bls.gov/news.release/archives/empsit_10072016.pdf,https://www.bls.gov/schedule/2016/home.htm,yes
EMPSIT,2016-10,2016-11-04,Fri,8:30 AM,slug+schedule_agree,2016-11-04,,https://www.bls.gov/news.release/archives/empsit_11042016.pdf,https://www.bls.gov/schedule/2016/home.htm,yes
EMPSIT,2016-11,2016-12-02,Fri,8:30 AM,slug+schedule_agree,2016-12-02,,https://www.bls.gov/news.release/archives/empsit_12022016.pdf,https://www.bls.gov/schedule/2016/home.htm,yes
EMPSIT,2016-12,2017-01-06,Fri,8:30 AM,slug+schedule_agree,2017-01-06,,https://www.bls.gov/news.release/archives/empsit_01062017.pdf,https://www.bls.gov/schedule/2017/home.htm,yes
EMPSIT,2017-01,2017-02-03,Fri,8:30 AM,slug+schedule_agree,2017-02-03,,https://www.bls.gov/news.release/archives/empsit_02032017.pdf,https://www.bls.gov/schedule/2017/home.htm,yes
EMPSIT,2017-02,2017-03-10,Fri,8:30 AM,slug+schedule_agree,2017-03-10,,https://www.bls.gov/news.release/archives/empsit_03102017.pdf,https://www.bls.gov/schedule/2017/home.htm,yes
EMPSIT,2017-03,2017-04-07,Fri,8:30 AM,slug+schedule_agree,2017-04-07,,https://www.bls.gov/news.release/archives/empsit_04072017.pdf,https://www.bls.gov/schedule/2017/home.htm,yes
EMPSIT,2017-04,2017-05-05,Fri,8:30 AM,slug+schedule_agree,2017-05-05,,https://www.bls.gov/news.release/archives/empsit_05052017.pdf,https://www.bls.gov/schedule/2017/home.htm,yes
EMPSIT,2017-05,2017-06-02,Fri,8:30 AM,slug+schedule_agree,2017-06-02,,https://www.bls.gov/news.release/archives/empsit_06022017.pdf,https://www.bls.gov/schedule/2017/home.htm,yes
EMPSIT,2017-06,2017-07-07,Fri,8:30 AM,slug+schedule_agree,2017-07-07,,https://www.bls.gov/news.release/archives/empsit_07072017.pdf,https://www.bls.gov/schedule/2017/home.htm,yes
EMPSIT,2017-07,2017-08-04,Fri,8:30 AM,slug+schedule_agree,2017-08-04,,https://www.bls.gov/news.release/archives/empsit_08042017.pdf,https://www.bls.gov/schedule/2017/home.htm,yes
EMPSIT,2017-08,2017-09-01,Fri,8:30 AM,slug+schedule_agree,2017-09-01,,https://www.bls.gov/news.release/archives/empsit_09012017.pdf,https://www.bls.gov/schedule/2017/home.htm,yes
EMPSIT,2017-09,2017-10-06,Fri,8:30 AM,slug+schedule_agree,2017-10-06,,https://www.bls.gov/news.release/archives/empsit_10062017.pdf,https://www.bls.gov/schedule/2017/home.htm,yes
EMPSIT,2017-10,2017-11-03,Fri,8:30 AM,slug+schedule_agree,2017-11-03,,https://www.bls.gov/news.release/archives/empsit_11032017.pdf,https://www.bls.gov/schedule/2017/home.htm,yes
EMPSIT,2017-11,2017-12-08,Fri,8:30 AM,slug+schedule_agree,2017-12-08,,https://www.bls.gov/news.release/archives/empsit_12082017.pdf,https://www.bls.gov/schedule/2017/home.htm,yes
EMPSIT,2017-12,2018-01-05,Fri,8:30 AM,slug+schedule_agree,2018-01-05,,https://www.bls.gov/news.release/archives/empsit_01052018.pdf,https://www.bls.gov/schedule/2018/home.htm,yes
EMPSIT,2018-01,2018-02-02,Fri,8:30 AM,slug+schedule_agree,2018-02-02,,https://www.bls.gov/news.release/archives/empsit_02022018.pdf,https://www.bls.gov/schedule/2018/home.htm,yes
EMPSIT,2018-02,2018-03-09,Fri,8:30 AM,slug+schedule_agree,2018-03-09,,https://www.bls.gov/news.release/archives/empsit_03092018.pdf,https://www.bls.gov/schedule/2018/home.htm,yes
EMPSIT,2018-03,2018-04-06,Fri,8:30 AM,slug+schedule_agree,2018-04-06,,https://www.bls.gov/news.release/archives/empsit_04062018.pdf,https://www.bls.gov/schedule/2018/home.htm,yes
EMPSIT,2018-04,2018-05-04,Fri,8:30 AM,slug+schedule_agree,2018-05-04,,https://www.bls.gov/news.release/archives/empsit_05042018.pdf,https://www.bls.gov/schedule/2018/home.htm,yes
EMPSIT,2018-05,2018-06-01,Fri,8:30 AM,slug+schedule_agree,2018-06-01,,https://www.bls.gov/news.release/archives/empsit_06012018.pdf,https://www.bls.gov/schedule/2018/home.htm,yes
EMPSIT,2018-06,2018-07-06,Fri,8:30 AM,slug+schedule_agree,2018-07-06,,https://www.bls.gov/news.release/archives/empsit_07062018.pdf,https://www.bls.gov/schedule/2018/home.htm,yes
EMPSIT,2018-07,2018-08-03,Fri,8:30 AM,slug+schedule_agree,2018-08-03,,https://www.bls.gov/news.release/archives/empsit_08032018.pdf,https://www.bls.gov/schedule/2018/home.htm,yes
EMPSIT,2018-08,2018-09-07,Fri,8:30 AM,slug+schedule_agree,2018-09-07,,https://www.bls.gov/news.release/archives/empsit_09072018.pdf,https://www.bls.gov/schedule/2018/home.htm,yes
EMPSIT,2018-09,2018-10-05,Fri,8:30 AM,slug+schedule_agree,2018-10-05,,https://www.bls.gov/news.release/archives/empsit_10052018.pdf,https://www.bls.gov/schedule/2018/home.htm,yes
EMPSIT,2018-10,2018-11-02,Fri,8:30 AM,slug+schedule_agree,2018-11-02,,https://www.bls.gov/news.release/archives/empsit_11022018.pdf,https://www.bls.gov/schedule/2018/home.htm,yes
EMPSIT,2018-11,2018-12-07,Fri,8:30 AM,slug+schedule_agree,2018-12-07,,https://www.bls.gov/news.release/archives/empsit_12072018.pdf,https://www.bls.gov/schedule/2018/home.htm,yes
EMPSIT,2018-12,2019-01-04,Fri,8:30 AM,slug+schedule_agree,2019-01-04,,https://www.bls.gov/news.release/archives/empsit_01042019.pdf,https://www.bls.gov/schedule/2019/home.htm,yes
EMPSIT,2019-01,2019-02-01,Fri,8:30 AM,slug+schedule_agree,2019-02-01,,https://www.bls.gov/news.release/archives/empsit_02012019.pdf,https://www.bls.gov/schedule/2019/home.htm,yes
EMPSIT,2019-02,2019-03-08,Fri,8:30 AM,slug+schedule_agree,2019-03-08,,https://www.bls.gov/news.release/archives/empsit_03082019.pdf,https://www.bls.gov/schedule/2019/home.htm,yes
EMPSIT,2019-03,2019-04-05,Fri,8:30 AM,schedule+archive_agree,2019-04-05,,,https://www.bls.gov/schedule/2019/home.htm,yes
EMPSIT,2019-04,2019-05-03,Fri,8:30 AM,slug+schedule_agree,2019-05-03,,https://www.bls.gov/news.release/archives/empsit_05032019.pdf,https://www.bls.gov/schedule/2019/home.htm,yes
EMPSIT,2019-05,2019-06-07,Fri,8:30 AM,slug+schedule_agree,2019-06-07,,https://www.bls.gov/news.release/archives/empsit_06072019.pdf,https://www.bls.gov/schedule/2019/home.htm,yes
EMPSIT,2019-06,2019-07-05,Fri,8:30 AM,slug+schedule_agree,2019-07-05,,https://www.bls.gov/news.release/archives/empsit_07052019.pdf,https://www.bls.gov/schedule/2019/home.htm,yes
EMPSIT,2019-07,2019-08-02,Fri,8:30 AM,schedule+archive_agree,2019-08-02,,,https://www.bls.gov/schedule/2019/home.htm,yes
EMPSIT,2019-08,2019-09-06,Fri,8:30 AM,slug+schedule_agree,2019-09-06,,https://www.bls.gov/news.release/archives/empsit_09062019.pdf,https://www.bls.gov/schedule/2019/home.htm,yes
EMPSIT,2019-09,2019-10-04,Fri,8:30 AM,slug+schedule_agree,2019-10-04,,https://www.bls.gov/news.release/archives/empsit_10042019.pdf,https://www.bls.gov/schedule/2019/home.htm,yes
EMPSIT,2019-10,2019-11-01,Fri,8:30 AM,slug+schedule_agree,2019-11-01,,https://www.bls.gov/news.release/archives/empsit_11012019.pdf,https://www.bls.gov/schedule/2019/home.htm,yes
EMPSIT,2019-11,2019-12-06,Fri,8:30 AM,slug+schedule_agree,2019-12-06,,https://www.bls.gov/news.release/archives/empsit_12062019.pdf,https://www.bls.gov/schedule/2019/home.htm,yes
EMPSIT,2019-12,2020-01-10,Fri,8:30 AM,slug+schedule_agree,2020-01-10,,https://www.bls.gov/news.release/archives/empsit_01102020.pdf,https://www.bls.gov/schedule/2020/home.htm,yes
EMPSIT,2020-01,2020-02-07,Fri,8:30 AM,slug+schedule_agree,2020-02-07,,https://www.bls.gov/news.release/archives/empsit_02072020.pdf,https://www.bls.gov/schedule/2020/home.htm,yes
EMPSIT,2020-02,2020-03-06,Fri,8:30 AM,slug+schedule_agree,2020-03-06,,https://www.bls.gov/news.release/archives/empsit_03062020.pdf,https://www.bls.gov/schedule/2020/home.htm,yes
EMPSIT,2020-03,2020-04-03,Fri,8:30 AM,slug+schedule_agree,2020-04-03,,https://www.bls.gov/news.release/archives/empsit_04032020.pdf,https://www.bls.gov/schedule/2020/home.htm,yes
EMPSIT,2020-04,2020-05-08,Fri,8:30 AM,slug+schedule_agree,2020-05-08,,https://www.bls.gov/news.release/archives/empsit_05082020.pdf,https://www.bls.gov/schedule/2020/home.htm,yes
EMPSIT,2020-05,2020-06-05,Fri,8:30 AM,schedule+archive_agree,2020-06-05,,,https://www.bls.gov/schedule/2020/home.htm,yes
EMPSIT,2020-06,2020-07-02,Thu,8:30 AM,schedule+archive_agree,2020-07-02,,,https://www.bls.gov/schedule/2020/home.htm,yes
EMPSIT,2020-07,2020-08-07,Fri,8:30 AM,schedule+archive_agree,2020-08-07,,,https://www.bls.gov/schedule/2020/home.htm,yes
EMPSIT,2020-08,2020-09-04,Fri,8:30 AM,schedule+archive_agree,2020-09-04,,,https://www.bls.gov/schedule/2020/home.htm,yes
EMPSIT,2020-09,2020-10-02,Fri,8:30 AM,schedule+archive_agree,2020-10-02,,,https://www.bls.gov/schedule/2020/home.htm,yes
EMPSIT,2020-10,2020-11-06,Fri,8:30 AM,schedule+archive_agree,2020-11-06,,,https://www.bls.gov/schedule/2020/home.htm,yes
EMPSIT,2020-11,2020-12-04,Fri,8:30 AM,schedule+archive_agree,2020-12-04,,,https://www.bls.gov/schedule/2020/home.htm,yes
EMPSIT,2020-12,2021-01-08,Fri,8:30 AM,schedule+archive_agree,2021-01-08,,,https://www.bls.gov/schedule/2021/home.htm,yes
EMPSIT,2021-01,2021-02-05,Fri,8:30 AM,slug+schedule_agree,2021-02-05,,https://www.bls.gov/news.release/archives/empsit_02052021.pdf,https://www.bls.gov/schedule/2021/home.htm,yes
EMPSIT,2021-02,2021-03-05,Fri,8:30 AM,slug+schedule_agree,2021-03-05,,https://www.bls.gov/news.release/archives/empsit_03052021.pdf,https://www.bls.gov/schedule/2021/home.htm,yes
EMPSIT,2021-03,2021-04-02,Fri,8:30 AM,slug+schedule_agree,2021-04-02,,https://www.bls.gov/news.release/archives/empsit_04022021.pdf,https://www.bls.gov/schedule/2021/home.htm,yes
EMPSIT,2021-04,2021-05-07,Fri,8:30 AM,slug+schedule_agree,2021-05-07,,https://www.bls.gov/news.release/archives/empsit_05072021.pdf,https://www.bls.gov/schedule/2021/home.htm,yes
EMPSIT,2021-05,2021-06-04,Fri,8:30 AM,slug+schedule_agree,2021-06-04,,https://www.bls.gov/news.release/archives/empsit_06042021.pdf,https://www.bls.gov/schedule/2021/home.htm,yes
EMPSIT,2021-06,2021-07-02,Fri,8:30 AM,slug+schedule_agree,2021-07-02,,https://www.bls.gov/news.release/archives/empsit_07022021.pdf,https://www.bls.gov/schedule/2021/home.htm,yes
EMPSIT,2021-07,2021-08-06,Fri,8:30 AM,slug+schedule_agree,2021-08-06,,https://www.bls.gov/news.release/archives/empsit_08062021.pdf,https://www.bls.gov/schedule/2021/home.htm,yes
EMPSIT,2021-08,2021-09-03,Fri,8:30 AM,slug+schedule_agree,2021-09-03,,https://www.bls.gov/news.release/archives/empsit_09032021.pdf,https://www.bls.gov/schedule/2021/home.htm,yes
EMPSIT,2021-09,2021-10-08,Fri,8:30 AM,slug+schedule_agree,2021-10-08,,https://www.bls.gov/news.release/archives/empsit_10082021.pdf,https://www.bls.gov/schedule/2021/home.htm,yes
EMPSIT,2021-10,2021-11-05,Fri,8:30 AM,slug+schedule_agree,2021-11-05,,https://www.bls.gov/news.release/archives/empsit_11052021.pdf,https://www.bls.gov/schedule/2021/home.htm,yes
EMPSIT,2021-11,2021-12-03,Fri,8:30 AM,slug+schedule_agree,2021-12-03,,https://www.bls.gov/news.release/archives/empsit_12032021.pdf,https://www.bls.gov/schedule/2021/home.htm,yes
EMPSIT,2021-12,2022-01-07,Fri,8:30 AM,slug+schedule_agree,2022-01-07,,https://www.bls.gov/news.release/archives/empsit_01072022.pdf,https://www.bls.gov/schedule/2022/home.htm,yes
EMPSIT,2022-01,2022-02-04,Fri,8:30 AM,slug+schedule_agree,2022-02-04,,https://www.bls.gov/news.release/archives/empsit_02042022.pdf,https://www.bls.gov/schedule/2022/home.htm,yes
EMPSIT,2022-02,2022-03-04,Fri,8:30 AM,slug+schedule_agree,2022-03-04,,https://www.bls.gov/news.release/archives/empsit_03042022.pdf,https://www.bls.gov/schedule/2022/home.htm,yes
EMPSIT,2022-03,2022-04-01,Fri,8:30 AM,slug+schedule_agree,2022-04-01,,https://www.bls.gov/news.release/archives/empsit_04012022.pdf,https://www.bls.gov/schedule/2022/home.htm,yes
EMPSIT,2022-04,2022-05-06,Fri,8:30 AM,slug+schedule_agree,2022-05-06,,https://www.bls.gov/news.release/archives/empsit_05062022.pdf,https://www.bls.gov/schedule/2022/home.htm,yes
EMPSIT,2022-05,2022-06-03,Fri,8:30 AM,slug+schedule_agree,2022-06-03,,https://www.bls.gov/news.release/archives/empsit_06032022.pdf,https://www.bls.gov/schedule/2022/home.htm,yes
EMPSIT,2022-06,2022-07-08,Fri,8:30 AM,slug+schedule_agree,2022-07-08,,https://www.bls.gov/news.release/archives/empsit_07082022.pdf,https://www.bls.gov/schedule/2022/home.htm,yes
EMPSIT,2022-07,2022-08-05,Fri,8:30 AM,slug+schedule_agree,2022-08-05,,https://www.bls.gov/news.release/archives/empsit_08052022.pdf,https://www.bls.gov/schedule/2022/home.htm,yes
EMPSIT,2022-08,2022-09-02,Fri,8:30 AM,slug+schedule_agree,2022-09-02,,https://www.bls.gov/news.release/archives/empsit_09022022.pdf,https://www.bls.gov/schedule/2022/home.htm,yes
EMPSIT,2022-09,2022-10-07,Fri,8:30 AM,slug+schedule_agree,2022-10-07,,https://www.bls.gov/news.release/archives/empsit_10072022.pdf,https://www.bls.gov/schedule/2022/home.htm,yes
EMPSIT,2022-10,2022-11-04,Fri,8:30 AM,slug+schedule_agree,2022-11-04,,https://www.bls.gov/news.release/archives/empsit_11042022.pdf,https://www.bls.gov/schedule/2022/home.htm,yes
EMPSIT,2022-11,2022-12-02,Fri,8:30 AM,slug+schedule_agree,2022-12-02,,https://www.bls.gov/news.release/archives/empsit_12022022.pdf,https://www.bls.gov/schedule/2022/home.htm,yes
EMPSIT,2022-12,2023-01-06,Fri,8:30 AM,slug+schedule_agree,2023-01-06,,https://www.bls.gov/news.release/archives/empsit_01062023.pdf,https://www.bls.gov/schedule/2023/home.htm,yes
EMPSIT,2023-01,2023-02-03,Fri,8:30 AM,slug+schedule_agree,2023-02-03,,https://www.bls.gov/news.release/archives/empsit_02032023.pdf,https://www.bls.gov/schedule/2023/home.htm,yes
EMPSIT,2023-02,2023-03-10,Fri,8:30 AM,slug+schedule_agree,2023-03-10,,https://www.bls.gov/news.release/archives/empsit_03102023.pdf,https://www.bls.gov/schedule/2023/home.htm,yes
EMPSIT,2023-03,2023-04-07,Fri,8:30 AM,slug+schedule_agree,2023-04-07,,https://www.bls.gov/news.release/archives/empsit_04072023.pdf,https://www.bls.gov/schedule/2023/home.htm,yes
EMPSIT,2023-04,2023-05-05,Fri,8:30 AM,slug+schedule_agree,2023-05-05,,https://www.bls.gov/news.release/archives/empsit_05052023.pdf,https://www.bls.gov/schedule/2023/home.htm,yes
EMPSIT,2023-05,2023-06-02,Fri,8:30 AM,slug+schedule_agree,2023-06-02,,https://www.bls.gov/news.release/archives/empsit_06022023.pdf,https://www.bls.gov/schedule/2023/home.htm,yes
EMPSIT,2023-06,2023-07-07,Fri,8:30 AM,slug+schedule_agree,2023-07-07,,https://www.bls.gov/news.release/archives/empsit_07072023.pdf,https://www.bls.gov/schedule/2023/home.htm,yes
EMPSIT,2023-07,2023-08-04,Fri,8:30 AM,slug+schedule_agree,2023-08-04,,https://www.bls.gov/news.release/archives/empsit_08042023.pdf,https://www.bls.gov/schedule/2023/home.htm,yes
EMPSIT,2023-08,2023-09-01,Fri,8:30 AM,slug+schedule_agree,2023-09-01,,https://www.bls.gov/news.release/archives/empsit_09012023.pdf,https://www.bls.gov/schedule/2023/home.htm,yes
EMPSIT,2023-09,2023-10-06,Fri,8:30 AM,slug+schedule_agree,2023-10-06,,https://www.bls.gov/news.release/archives/empsit_10062023.pdf,https://www.bls.gov/schedule/2023/home.htm,yes
EMPSIT,2023-10,2023-11-03,Fri,8:30 AM,slug+schedule_agree,2023-11-03,,https://www.bls.gov/news.release/archives/empsit_11032023.pdf,https://www.bls.gov/schedule/2023/home.htm,yes
EMPSIT,2023-11,2023-12-08,Fri,8:30 AM,slug+schedule_agree,2023-12-08,,https://www.bls.gov/news.release/archives/empsit_12082023.pdf,https://www.bls.gov/schedule/2023/home.htm,yes
EMPSIT,2023-12,2024-01-05,Fri,8:30 AM,slug+schedule_agree,2024-01-05,,https://www.bls.gov/news.release/archives/empsit_01052024.pdf,https://www.bls.gov/schedule/2024/home.htm,yes
EMPSIT,2024-01,2024-02-02,Fri,8:30 AM,slug+schedule_agree,2024-02-02,,https://www.bls.gov/news.release/archives/empsit_02022024.pdf,https://www.bls.gov/schedule/2024/home.htm,yes
EMPSIT,2024-02,2024-03-08,Fri,8:30 AM,slug+schedule_agree,2024-03-08,,https://www.bls.gov/news.release/archives/empsit_03082024.pdf,https://www.bls.gov/schedule/2024/home.htm,yes
EMPSIT,2024-03,2024-04-05,Fri,8:30 AM,slug+schedule_agree,2024-04-05,,https://www.bls.gov/news.release/archives/empsit_04052024.pdf,https://www.bls.gov/schedule/2024/home.htm,yes
EMPSIT,2024-04,2024-05-03,Fri,8:30 AM,slug+schedule_agree,2024-05-03,,https://www.bls.gov/news.release/archives/empsit_05032024.pdf,https://www.bls.gov/schedule/2024/home.htm,yes
EMPSIT,2024-05,2024-06-07,Fri,8:30 AM,slug+schedule_agree,2024-06-07,,https://www.bls.gov/news.release/archives/empsit_06072024.pdf,https://www.bls.gov/schedule/2024/home.htm,yes
EMPSIT,2024-06,2024-07-05,Fri,8:30 AM,slug+schedule_agree,2024-07-05,,https://www.bls.gov/news.release/archives/empsit_07052024.pdf,https://www.bls.gov/schedule/2024/home.htm,yes
EMPSIT,2024-07,2024-08-02,Fri,8:30 AM,slug+schedule_agree,2024-08-02,,https://www.bls.gov/news.release/archives/empsit_08022024.pdf,https://www.bls.gov/schedule/2024/home.htm,yes
EMPSIT,2024-08,2024-09-06,Fri,8:30 AM,slug+schedule_agree,2024-09-06,,https://www.bls.gov/news.release/archives/empsit_09062024.pdf,https://www.bls.gov/schedule/2024/home.htm,yes
EMPSIT,2024-09,2024-10-04,Fri,8:30 AM,slug+schedule_agree,2024-10-04,,https://www.bls.gov/news.release/archives/empsit_10042024.pdf,https://www.bls.gov/schedule/2024/home.htm,yes
EMPSIT,2024-10,2024-11-01,Fri,8:30 AM,slug+schedule_agree,2024-11-01,,https://www.bls.gov/news.release/archives/empsit_11012024.pdf,https://www.bls.gov/schedule/2024/home.htm,yes
EMPSIT,2024-11,2024-12-06,Fri,8:30 AM,slug+schedule_agree,2024-12-06,,https://www.bls.gov/news.release/archives/empsit_12062024.pdf,https://www.bls.gov/schedule/2024/home.htm,yes
EMPSIT,2024-12,2025-01-10,Fri,8:30 AM,slug+schedule_agree,2025-01-10,,https://www.bls.gov/news.release/archives/empsit_01102025.pdf,https://www.bls.gov/schedule/2025/home.htm,yes
EMPSIT,2025-01,2025-02-07,Fri,8:30 AM,slug+schedule_agree,2025-02-07,,https://www.bls.gov/news.release/archives/empsit_02072025.pdf,https://www.bls.gov/schedule/2025/home.htm,yes
EMPSIT,2025-02,2025-03-07,Fri,8:30 AM,slug+schedule_agree,2025-03-07,,https://www.bls.gov/news.release/archives/empsit_03072025.pdf,https://www.bls.gov/schedule/2025/home.htm,yes
EMPSIT,2025-03,2025-04-04,Fri,8:30 AM,slug+schedule_agree,2025-04-04,,https://www.bls.gov/news.release/archives/empsit_04042025.pdf,https://www.bls.gov/schedule/2025/home.htm,yes
EMPSIT,2025-04,2025-05-02,Fri,8:30 AM,slug+schedule_agree,2025-05-02,,https://www.bls.gov/news.release/archives/empsit_05022025.pdf,https://www.bls.gov/schedule/2025/home.htm,yes
EMPSIT,2025-05,2025-06-06,Fri,8:30 AM,slug+schedule_agree,2025-06-06,,https://www.bls.gov/news.release/archives/empsit_06062025.pdf,https://www.bls.gov/schedule/2025/home.htm,yes
EMPSIT,2025-06,2025-07-03,Thu,8:30 AM,slug+schedule_agree,2025-07-03,,https://www.bls.gov/news.release/archives/empsit_07032025.pdf,https://www.bls.gov/schedule/2025/home.htm,yes
EMPSIT,2025-07,2025-08-01,Fri,8:30 AM,slug+schedule_agree,2025-08-01,,https://www.bls.gov/news.release/archives/empsit_08012025.pdf,https://www.bls.gov/schedule/2025/home.htm,yes
EMPSIT,2025-08,2025-09-05,Fri,8:30 AM,slug+schedule_agree,2025-09-05,,https://www.bls.gov/news.release/archives/empsit_09052025.pdf,https://www.bls.gov/schedule/2025/home.htm,yes
EMPSIT,2025-09,2025-11-20,Thu,8:30 AM,slug+schedule_agree,2025-11-20,,https://www.bls.gov/news.release/archives/empsit_11202025.pdf,https://www.bls.gov/schedule/2025/home.htm,yes
EMPSIT,2025-11,2025-12-16,Tue,8:30 AM,slug+schedule_agree,2025-12-16,,https://www.bls.gov/news.release/archives/empsit_12162025.pdf,https://www.bls.gov/schedule/2025/home.htm,yes
EMPSIT,2025-12,2026-01-09,Fri,8:30 AM,slug+schedule_agree,2026-01-09,,https://www.bls.gov/news.release/archives/empsit_01092026.pdf,https://www.bls.gov/schedule/2026/home.htm,yes
EMPSIT,2026-01,2026-02-11,Wed,8:30 AM,slug+schedule_agree,2026-02-11,,https://www.bls.gov/news.release/archives/empsit_02112026.pdf,https://www.bls.gov/schedule/2026/home.htm,yes
EMPSIT,2026-02,2026-03-06,Fri,8:30 AM,slug+schedule_agree,2026-03-06,,https://www.bls.gov/news.release/archives/empsit_03062026.pdf,https://www.bls.gov/schedule/2026/home.htm,yes
EMPSIT,2026-03,2026-04-03,Fri,8:30 AM,slug+schedule_agree,2026-04-03,,https://www.bls.gov/news.release/archives/empsit_04032026.pdf,https://www.bls.gov/schedule/2026/home.htm,yes
EMPSIT,2026-04,2026-05-08,Fri,8:30 AM,slug+schedule_agree,2026-05-08,,https://www.bls.gov/news.release/archives/empsit_05082026.pdf,https://www.bls.gov/schedule/2026/home.htm,yes
EMPSIT,2026-05,2026-06-05,Fri,8:30 AM,slug+schedule_agree,2026-06-05,,https://www.bls.gov/news.release/archives/empsit_06052026.pdf,https://www.bls.gov/schedule/2026/home.htm,yes
EMPSIT,2026-06,2026-07-02,Thu,8:30 AM,slug+schedule_agree,2026-07-02,,https://www.bls.gov/news.release/archives/empsit_07022026.pdf,https://www.bls.gov/schedule/2026/home.htm,yes
EMPSIT,2026-07,2026-08-07,Fri,8:30 AM,slug+schedule_agree,2026-08-07,,https://www.bls.gov/news.release/archives/empsit_08072026.pdf,https://www.bls.gov/schedule/2026/home.htm,yes
EMPSIT,2026-08,2026-09-04,Fri,8:30 AM,slug+schedule_agree,2026-09-04,future_scheduled,https://www.bls.gov/news.release/archives/empsit_09042026.pdf,https://www.bls.gov/schedule/2026/home.htm,yes
EMPSIT,2026-09,2026-10-02,Fri,8:30 AM,slug+schedule_agree,2026-10-02,future_scheduled,https://www.bls.gov/news.release/archives/empsit_10022026.pdf,https://www.bls.gov/schedule/2026/home.htm,yes
EMPSIT,2026-10,2026-11-06,Fri,8:30 AM,slug+schedule_agree,2026-11-06,future_scheduled,https://www.bls.gov/news.release/archives/empsit_11062026.pdf,https://www.bls.gov/schedule/2026/home.htm,yes
EMPSIT,2026-11,2026-12-04,Fri,8:30 AM,slug+schedule_agree,2026-12-04,future_scheduled,https://www.bls.gov/news.release/archives/empsit_12042026.pdf,https://www.bls.gov/schedule/2026/home.htm,yes
